RUN,Chlorophyll,Depth,ENA-SAMPLE,Environment (Feature),Nitrate Sensor,Oxygen Sensor,Salinity Sensor,Sampling Station,Temperature
ERR315857,0.0812,5,ERS477931,surface water (ENVO:00002042) layer,99999,99999,37.4911,TARA_007,23.82575
ERR315856,0.553274,42,ERS477953,deep chlorophyll maximum layer (ENVO:xxxxxxxx),99999,99999,99999,TARA_007,17.36746
ERR315861,0.0419,5,ERS477979,surface water (ENVO:00002042) layer,99999,221.457208,38.201396,TARA_023,17.321979
ERR315858,0.0419,5,ERS477979,surface water (ENVO:00002042) layer,99999,221.457208,38.201396,TARA_023,17.321979
ERR315860,0.0599,55,ERS477998,deep chlorophyll maximum layer (ENVO:xxxxxxxx),99999,224.786708,38.472729,TARA_023,15.194062
ERR315859,0.0599,55,ERS477998,deep chlorophyll maximum layer (ENVO:xxxxxxxx),99999,224.786708,38.472729,TARA_023,15.194062
ERR594408,0.0599,55,ERS478007,deep chlorophyll maximum layer (ENVO:xxxxxxxx),99999,224.786708,38.472729,TARA_023,15.194062
ERR315863,0.01585,5,ERS478017,surface water (ENVO:00002042) layer,-0.447961,207.738375,39.425208,TARA_030,20.460612
ERR315862,0.01585,5,ERS478017,surface water (ENVO:00002042) layer,-0.447961,207.738375,39.425208,TARA_030,20.460612
ERR318620,0.042495,70,ERS478040,deep chlorophyll maximum layer (ENVO:xxxxxxxx),0.254406,218.132538,39.255952,TARA_030,18.979535
ERR318621,0.042495,70,ERS478040,deep chlorophyll maximum layer (ENVO:xxxxxxxx),0.254406,218.132538,39.255952,TARA_030,18.979535
ERR318619,0.042495,70,ERS478040,deep chlorophyll maximum layer (ENVO:xxxxxxxx),0.254406,218.132538,39.255952,TARA_030,18.979535
ERR318618,0.042495,70,ERS478040,deep chlorophyll maximum layer (ENVO:xxxxxxxx),0.254406,218.132538,39.255952,TARA_030,18.979535
ERR594405,0.042495,70,ERS478052,deep chlorophyll maximum layer (ENVO:xxxxxxxx),0.254406,218.132538,39.255952,TARA_030,18.979535
ERR599003,0.078,5,ERS487899,surface water layer (ENVO:00002042),99999,99999,36.6324,TARA_004,20.5251
ERR598955,0.078,5,ERS487899,surface water layer (ENVO:00002042),99999,99999,36.6324,TARA_004,20.5251
ERR599095,0.090621,40,ERS487936,deep chlorophyll maximum layer (ENVO:xxxxxxxx),99999,99999,36.63313,TARA_004,20.408907
ERR598950,0.090621,40,ERS487936,deep chlorophyll maximum layer (ENVO:xxxxxxxx),99999,99999,36.63313,TARA_004,20.408907
ERR594288,-0.0247,5,ERS488119,surface water layer (ENVO:00002042),99999,99999,37.9751,TARA_009,23.8526
ERR594316,-0.0247,5,ERS488119,surface water layer (ENVO:00002042),99999,99999,37.9751,TARA_009,23.8526
ERR594317,-0.0247,5,ERS488119,surface water layer (ENVO:00002042),99999,99999,37.9751,TARA_009,23.8526
ERR594329,0.434367,55,ERS488147,deep chlorophyll maximum layer (ENVO:xxxxxxxx),99999,99999,37.8232,TARA_009,16.151933
ERR594315,0.434367,55,ERS488147,deep chlorophyll maximum layer (ENVO:xxxxxxxx),99999,99999,37.8232,TARA_009,16.151933
ERR598993,0.048898,5,ERS488330,surface water layer (ENVO:00002042),99999,207.791417,37.89245,TARA_018,21.4395
ERR599140,0.048898,5,ERS488330,surface water layer (ENVO:00002042),99999,207.791417,37.89245,TARA_018,21.4395
ERR594358,0.048898,5,ERS488340,surface water layer (ENVO:00002042),99999,207.791417,37.89245,TARA_018,21.4395
ERR599092,0.132494,60,ERS488346,deep chlorophyll maximum layer (ENVO:xxxxxxxx),99999,237.8893,37.89241,TARA_018,18.36839
ERR599073,0.132494,60,ERS488346,deep chlorophyll maximum layer (ENVO:xxxxxxxx),99999,237.8893,37.89241,TARA_018,18.36839
ERR594352,0.132494,60,ERS488354,deep chlorophyll maximum layer (ENVO:xxxxxxxx),99999,237.8893,37.89241,TARA_018,18.36839
ERR594406,0.180911,5,ERS488448,surface water layer (ENVO:00002042),99999,220.927083,37.759667,TARA_022,17.041483
ERR594378,0.180911,5,ERS488448,surface water layer (ENVO:00002042),99999,220.927083,37.759667,TARA_022,17.041483
ERR598951,0.121845,5,ERS488486,surface water layer (ENVO:00002042),99999,218.016833,38.182917,TARA_025,18.342533
ERR599043,0.121845,5,ERS488486,surface water layer (ENVO:00002042),99999,218.016833,38.182917,TARA_025,18.342533
ERR594396,0.121845,5,ERS488499,surface water layer (ENVO:00002042),99999,218.016833,38.182917,TARA_025,18.342533
ERR599094,0.201016,50,ERS488509,deep chlorophyll maximum layer (ENVO:xxxxxxxx),99999,229.547682,38.475705,TARA_025,15.161277
ERR599153,0.201016,50,ERS488509,deep chlorophyll maximum layer (ENVO:xxxxxxxx),99999,229.547682,38.475705,TARA_025,15.161277
ERR594375,0.201016,50,ERS488518,deep chlorophyll maximum layer (ENVO:xxxxxxxx),99999,229.547682,38.475705,TARA_025,15.161277
ERR599106,0.048898,5,ERS488545,surface water layer (ENVO:00002042),-0.137284,188.763583,39.981867,TARA_031,25.0621
ERR598969,0.048898,5,ERS488545,surface water layer (ENVO:00002042),-0.137284,188.763583,39.981867,TARA_031,25.0621
ERR594410,0.048898,5,ERS488558,surface water layer (ENVO:00002042),-0.137284,188.763583,39.981867,TARA_031,25.0621
ERR594401,0.048898,5,ERS488558,surface water layer (ENVO:00002042),-0.137284,188.763583,39.981867,TARA_031,25.0621
ERR599155,0,5,ERS488569,surface water layer (ENVO:00002042),-0.541919,188.416583,39.74725,TARA_032,25.824383
ERR599116,0,5,ERS488569,surface water layer (ENVO:00002042),-0.541919,188.416583,39.74725,TARA_032,25.824383
ERR599041,0,5,ERS488569,surface water layer (ENVO:00002042),-0.541919,188.416583,39.74725,TARA_032,25.824383
ERR594393,0,5,ERS488589,surface water layer (ENVO:00002042),-0.541919,188.416583,39.74725,TARA_032,25.824383
ERR599097,0.224444,80,ERS488599,deep chlorophyll maximum layer (ENVO:xxxxxxxx),1.201064,179.968,40.196433,TARA_032,26.050367
ERR599061,0.224444,80,ERS488599,deep chlorophyll maximum layer (ENVO:xxxxxxxx),1.201064,179.968,40.196433,TARA_032,26.050367
ERR594360,0.224444,80,ERS488613,deep chlorophyll maximum layer (ENVO:xxxxxxxx),1.201064,179.968,40.196433,TARA_032,26.050367
ERR599134,0.163228,5,ERS488621,surface water layer (ENVO:00002042),-0.000271,182.812167,38.937417,TARA_033,27.329517
ERR599049,0.163228,5,ERS488621,surface water layer (ENVO:00002042),-0.000271,182.812167,38.937417,TARA_033,27.329517
ERR598991,0.186697,5,ERS488649,surface water layer (ENVO:00002042),-0.927087,184.061167,38.646858,TARA_034,27.59865
ERR598959,0.186697,5,ERS488649,surface water layer (ENVO:00002042),-0.927087,184.061167,38.646858,TARA_034,27.59865
ERR594328,0.186697,5,ERS488658,surface water layer (ENVO:00002042),-0.927087,184.061167,38.646858,TARA_034,27.59865
ERR594368,0.186697,5,ERS488673,surface water layer (ENVO:00002042),-0.927087,184.061167,38.646858,TARA_034,27.59865
ERR594370,0.186697,5,ERS488673,surface water layer (ENVO:00002042),-0.927087,184.061167,38.646858,TARA_034,27.59865
ERR598975,0.181406,60,ERS488685,deep chlorophyll maximum layer (ENVO:xxxxxxxx),0.08645,175.384083,38.916583,TARA_034,27.589917
ERR599111,0.181406,60,ERS488685,deep chlorophyll maximum layer (ENVO:xxxxxxxx),0.08645,175.384083,38.916583,TARA_034,27.589917
ERR594390,0.181406,60,ERS488701,deep chlorophyll maximum layer (ENVO:xxxxxxxx),0.08645,175.384083,38.916583,TARA_034,27.589917
ERR599143,0.129697,5,ERS488714,surface water layer (ENVO:00002042),99999,104.908417,36.530058,TARA_036,25.581433
ERR598966,0.129697,5,ERS488714,surface water layer (ENVO:00002042),99999,104.908417,36.530058,TARA_036,25.581433
ERR594334,0.129697,5,ERS488722,surface water layer (ENVO:00002042),99999,104.908417,36.530058,TARA_036,25.581433
ERR594369,0.129697,5,ERS488737,surface water layer (ENVO:00002042),99999,104.908417,36.530058,TARA_036,25.581433
ERR598974,0.353707,17,ERS488747,deep chlorophyll maximum layer (ENVO:xxxxxxxx),0.367767,211.606583,36.549267,TARA_036,25.37395
ERR599028,0.353707,17,ERS488747,deep chlorophyll maximum layer (ENVO:xxxxxxxx),0.367767,211.606583,36.549267,TARA_036,25.37395
ERR594402,0.353707,17,ERS488757,deep chlorophyll maximum layer (ENVO:xxxxxxxx),0.367767,211.606583,36.549267,TARA_036,25.37395
ERR599062,0.005649,600,ERS488769,mesopelagic zone (ENVO:00000213) & marine oxygen minimum zone (ENVO:01000065),31.802451,1.63999,35.693546,TARA_037,12.066048
ERR599031,0.005649,600,ERS488769,mesopelagic zone (ENVO:00000213) & marine oxygen minimum zone (ENVO:01000065),31.802451,1.63999,35.693546,TARA_037,12.066048
ERR594345,0.005649,600,ERS488773,mesopelagic zone (ENVO:00000213) & marine oxygen minimum zone (ENVO:01000065),31.802451,1.63999,35.693546,TARA_037,12.066048
ERR594290,0.005649,600,ERS488773,mesopelagic zone (ENVO:00000213) & marine oxygen minimum zone (ENVO:01000065),31.802451,1.63999,35.693546,TARA_037,12.066048
ERR599158,0.161808,5,ERS488799,surface water layer (ENVO:00002042),0.889376,199.9355,36.617917,TARA_038,26.2314
ERR599102,0.161808,5,ERS488799,surface water layer (ENVO:00002042),0.889376,199.9355,36.617917,TARA_038,26.2314
ERR594330,0.161808,5,ERS488803,surface water layer (ENVO:00002042),0.889376,199.9355,36.617917,TARA_038,26.2314
ERR594400,0.161808,5,ERS488813,surface water layer (ENVO:00002042),0.889376,199.9355,36.617917,TARA_038,26.2314
ERR594374,0.161808,5,ERS488813,surface water layer (ENVO:00002042),0.889376,199.9355,36.617917,TARA_038,26.2314
ERR598949,0.604752,25,ERS488830,deep chlorophyll maximum layer (ENVO:xxxxxxxx),1.230122,154.699917,99999,TARA_038,25.494408
ERR599082,0.604752,25,ERS488830,deep chlorophyll maximum layer (ENVO:xxxxxxxx),1.230122,154.699917,99999,TARA_038,25.494408
ERR594399,0.604752,25,ERS488836,deep chlorophyll maximum layer (ENVO:xxxxxxxx),1.230122,154.699917,99999,TARA_038,25.494408
ERR594386,0.604752,25,ERS488836,deep chlorophyll maximum layer (ENVO:xxxxxxxx),1.230122,154.699917,99999,TARA_038,25.494408
ERR599167,0.014107,340,ERS488849,mesopelagic zone (ENVO:00000213) & marine oxygen minimum zone (ENVO:01000065),22.444602,2.369225,36.021302,TARA_038,14.987618
ERR599109,0.014107,340,ERS488849,mesopelagic zone (ENVO:00000213) & marine oxygen minimum zone (ENVO:01000065),22.444602,2.369225,36.021302,TARA_038,14.987618
ERR594312,0.014107,340,ERS488853,mesopelagic zone (ENVO:00000213) & marine oxygen minimum zone (ENVO:01000065),22.444602,2.369225,36.021302,TARA_038,14.987618
ERR594327,0.099089,5,ERS488879,surface water layer (ENVO:00002042),-1.415582,193.3535,36.285367,TARA_039,26.81765
ERR594365,0.099089,5,ERS488892,surface water layer (ENVO:00002042),-1.415582,193.3535,36.285367,TARA_039,26.81765
ERR594356,0.099089,5,ERS488892,surface water layer (ENVO:00002042),-1.415582,193.3535,36.285367,TARA_039,26.81765
ERR599145,0.17638,25,ERS488916,deep chlorophyll maximum layer (ENVO:xxxxxxxx),-0.611888,192.95875,36.332317,TARA_039,26.812225
ERR594397,0.17638,25,ERS488929,deep chlorophyll maximum layer (ENVO:xxxxxxxx),-0.611888,192.95875,36.332317,TARA_039,26.812225
ERR594363,0.17638,25,ERS488929,deep chlorophyll maximum layer (ENVO:xxxxxxxx),-0.611888,192.95875,36.332317,TARA_039,26.812225
ERR599172,0.006724,270,ERS488936,mesopelagic zone (ENVO:00000213) & marine oxygen minimum zone (ENVO:01000065),19.566542,2.303017,35.901885,TARA_039,15.614195
ERR599037,0.006724,270,ERS488936,mesopelagic zone (ENVO:00000213) & marine oxygen minimum zone (ENVO:01000065),19.566542,2.303017,35.901885,TARA_039,15.614195
ERR594346,0.006724,270,ERS488945,mesopelagic zone (ENVO:00000213) & marine oxygen minimum zone (ENVO:01000065),19.566542,2.303017,35.901885,TARA_039,15.614195
ERR599011,0.020173,5,ERS489043,surface water layer (ENVO:00002042),-1.343153,187.42925,36.024883,TARA_041,29.089367
ERR599074,0.020173,5,ERS489043,surface water layer (ENVO:00002042),-1.343153,187.42925,36.024883,TARA_041,29.089367
ERR594295,0.020173,5,ERS489047,surface water layer (ENVO:00002042),-1.343153,187.42925,36.024883,TARA_041,29.089367
ERR868486,0.020173,5,ERS489053,surface water layer (ENVO:00002042),-1.343153,187.42925,36.024883,TARA_041,29.089367
ERR594384,0.020173,5,ERS489059,surface water layer (ENVO:00002042),-1.343153,187.42925,36.024883,TARA_041,29.089367
ERR599053,0.47554,60,ERS489074,deep chlorophyll maximum layer (ENVO:xxxxxxxx),-0.224514,148.328125,36.496162,TARA_041,27.117663
ERR598977,0.47554,60,ERS489074,deep chlorophyll maximum layer (ENVO:xxxxxxxx),-0.224514,148.328125,36.496162,TARA_041,27.117663
ERR594367,0.47554,60,ERS489084,deep chlorophyll maximum layer (ENVO:xxxxxxxx),-0.224514,148.328125,36.496162,TARA_041,27.117663
ERR594366,0.47554,60,ERS489084,deep chlorophyll maximum layer (ENVO:xxxxxxxx),-0.224514,148.328125,36.496162,TARA_041,27.117663
ERR594371,0.47554,60,ERS489084,deep chlorophyll maximum layer (ENVO:xxxxxxxx),-0.224514,148.328125,36.496162,TARA_041,27.117663
ERR594372,0.47554,60,ERS489084,deep chlorophyll maximum layer (ENVO:xxxxxxxx),-0.224514,148.328125,36.496162,TARA_041,27.117663
ERR594373,0.47554,60,ERS489084,deep chlorophyll maximum layer (ENVO:xxxxxxxx),-0.224514,148.328125,36.496162,TARA_041,27.117663
ERR599075,0.006724,5,ERS489087,surface water layer (ENVO:00002042),-1.47882,189.25475,34.56155,TARA_042,29.980283
ERR599141,0.006724,5,ERS489087,surface water layer (ENVO:00002042),-1.47882,189.25475,34.56155,TARA_042,29.980283
ERR594398,0.006724,5,ERS489113,surface water layer (ENVO:00002042),-1.47882,189.25475,34.56155,TARA_042,29.980283
ERR594403,0.006724,5,ERS489113,surface water layer (ENVO:00002042),-1.47882,189.25475,34.56155,TARA_042,29.980283
ERR599130,0.388348,80,ERS489134,deep chlorophyll maximum layer (ENVO:xxxxxxxx),0.569531,132.77885,35.103505,TARA_042,27.723425
ERR599013,0.388348,80,ERS489134,deep chlorophyll maximum layer (ENVO:xxxxxxxx),0.569531,132.77885,35.103505,TARA_042,27.723425
ERR868383,0.388348,80,ERS489142,deep chlorophyll maximum layer (ENVO:xxxxxxxx),0.569531,132.77885,35.103505,TARA_042,27.723425
ERR594413,0.388348,80,ERS489148,deep chlorophyll maximum layer (ENVO:xxxxxxxx),0.569531,132.77885,35.103505,TARA_042,27.723425
ERR599054,0.026898,5,ERS489236,surface water layer (ENVO:00002042),2.575786,185.243833,35.091133,TARA_045,30.496383
ERR599045,0.026898,5,ERS489236,surface water layer (ENVO:00002042),2.575786,185.243833,35.091133,TARA_045,30.496383
ERR594376,0.121909,5,ERS489285,surface water layer (ENVO:00002042),0.477267,185.733167,35.111283,TARA_046,30.12565
ERR599138,0,5,ERS489315,surface water layer (ENVO:00002042),-2.201764,187.2575,34.1689,TARA_048,29.818233
ERR599019,0,5,ERS489315,surface water layer (ENVO:00002042),-2.201764,187.2575,34.1689,TARA_048,29.818233
ERR594314,0,5,ERS489324,surface water layer (ENVO:00002042),-2.201764,187.2575,34.1689,TARA_048,29.818233
ERR868370,0.266374,80,ERS489506,deep chlorophyll maximum layer (ENVO:xxxxxxxx),0.244232,202.818333,34.945892,TARA_051,24.866483
ERR599098,0.176565,5,ERS489529,surface water layer (ENVO:00002042),99999,191.68,34.566667,TARA_052,27.8684
ERR599139,0.176565,5,ERS489529,surface water layer (ENVO:00002042),99999,191.68,34.566667,TARA_052,27.8684
ERR599002,0.394226,75,ERS489585,deep chlorophyll maximum layer (ENVO:xxxxxxxx),0.244232,192.55925,34.910755,TARA_052,24.89426
ERR599016,0.394226,75,ERS489585,deep chlorophyll maximum layer (ENVO:xxxxxxxx),0.244232,192.55925,34.910755,TARA_052,24.89426
ERR594394,0.394226,75,ERS489603,deep chlorophyll maximum layer (ENVO:xxxxxxxx),0.244232,192.55925,34.910755,TARA_052,24.89426
ERR599057,0.04282,5,ERS489712,surface water layer (ENVO:00002042),99999,193.05775,35.003133,TARA_056,27.323117
ERR599376,0.04282,5,ERS489724,surface water layer (ENVO:00002042),99999,193.05775,35.003133,TARA_056,27.323117
ERR599112,0,1000,ERS489727,mesopelagic zone (ENVO:00000213),99999,87.902,34.8332,TARA_056,6.2402
ERR599371,0,1000,ERS489729,mesopelagic zone (ENVO:00000213),99999,87.902,34.8332,TARA_056,6.2402
ERR599058,0.085544,5,ERS489733,surface water layer (ENVO:00002042),99999,190.05375,35.05375,TARA_057,26.965433
ERR599026,0.032278,66,ERS489846,deep chlorophyll maximum layer (ENVO:xxxxxxxx),99999,190.9649,99999,TARA_058,26.34018
ERR599012,0.089746,5,ERS489877,surface water layer (ENVO:00002042),-0.166794,199.895917,35.324825,TARA_062,25.080167
ERR599339,0.089746,5,ERS489904,surface water layer (ENVO:00002042),-0.166794,199.895917,35.324825,TARA_062,25.080167
ERR598970,0.162993,5,ERS489917,surface water layer (ENVO:00002042),99999,210.00775,35.334717,TARA_064,22.165567
ERR599150,0.162993,5,ERS489917,surface water layer (ENVO:00002042),99999,210.00775,35.334717,TARA_064,22.165567
ERR599088,0.162993,5,ERS489917,surface water layer (ENVO:00002042),99999,210.00775,35.334717,TARA_064,22.165567
ERR594392,0.162993,5,ERS489943,surface water layer (ENVO:00002042),99999,210.00775,35.334717,TARA_064,22.165567
ERR599164,0,1000,ERS489987,mesopelagic zone (ENVO:00000213),99999,193.011,34.57915,TARA_064,7.6502
ERR599021,0,1000,ERS489987,mesopelagic zone (ENVO:00000213),99999,193.011,34.57915,TARA_064,7.6502
ERR599351,0,1000,ERS489996,mesopelagic zone (ENVO:00000213),99999,193.011,34.57915,TARA_064,7.6502
ERR598972,0.214573,65,ERS490002,deep chlorophyll maximum layer (ENVO:xxxxxxxx),-0.112031,207.446227,35.335545,TARA_064,22.250309
ERR599025,0.214573,65,ERS490002,deep chlorophyll maximum layer (ENVO:xxxxxxxx),-0.112031,207.446227,35.335545,TARA_064,22.250309
ERR599023,0.214573,65,ERS490002,deep chlorophyll maximum layer (ENVO:xxxxxxxx),-0.112031,207.446227,35.335545,TARA_064,22.250309
ERR594324,0.214573,65,ERS490010,deep chlorophyll maximum layer (ENVO:xxxxxxxx),-0.112031,207.446227,35.335545,TARA_064,22.250309
ERR599226,0.214573,65,ERS490021,deep chlorophyll maximum layer (ENVO:xxxxxxxx),-0.112031,207.446227,35.335545,TARA_064,22.250309
ERR594385,0.214573,65,ERS490026,deep chlorophyll maximum layer (ENVO:xxxxxxxx),-0.112031,207.446227,35.335545,TARA_064,22.250309
ERR598979,0.215292,5,ERS490029,surface water layer (ENVO:00002042),99999,207.0439,35.44666,TARA_065,21.81684
ERR599146,0.215292,5,ERS490029,surface water layer (ENVO:00002042),99999,207.0439,35.44666,TARA_065,21.81684
ERR594320,0.215292,5,ERS490035,surface water layer (ENVO:00002042),99999,207.0439,35.44666,TARA_065,21.81684
ERR599218,0.215292,5,ERS490045,surface water layer (ENVO:00002042),99999,207.0439,35.44666,TARA_065,21.81684
ERR594361,0.215292,5,ERS490053,surface water layer (ENVO:00002042),99999,207.0439,35.44666,TARA_065,21.81684
ERR594359,0.215292,5,ERS490053,surface water layer (ENVO:00002042),99999,207.0439,35.44666,TARA_065,21.81684
ERR599034,0,850,ERS490065,mesopelagic zone (ENVO:00000213),99999,197.9725,34.65115,TARA_065,8.4127
ERR598960,0,850,ERS490065,mesopelagic zone (ENVO:00000213),99999,197.9725,34.65115,TARA_065,8.4127
ERR598990,0.272648,30,ERS490085,deep chlorophyll maximum layer (ENVO:xxxxxxxx),99999,206.43725,99999,TARA_065,21.81495
ERR599110,0.272648,30,ERS490085,deep chlorophyll maximum layer (ENVO:xxxxxxxx),99999,206.43725,99999,TARA_065,21.81495
ERR599018,0.272648,30,ERS490085,deep chlorophyll maximum layer (ENVO:xxxxxxxx),99999,206.43725,99999,TARA_065,21.81495
ERR594291,0.272648,30,ERS490089,deep chlorophyll maximum layer (ENVO:xxxxxxxx),99999,206.43725,99999,TARA_065,21.81495
ERR594414,0.272648,30,ERS490120,deep chlorophyll maximum layer (ENVO:xxxxxxxx),99999,206.43725,99999,TARA_065,21.81495
ERR594382,0.272648,30,ERS490120,deep chlorophyll maximum layer (ENVO:xxxxxxxx),99999,206.43725,99999,TARA_065,21.81495
ERR598973,0.250054,5,ERS490124,surface water layer (ENVO:00002042),2.450991,238.916333,35.323317,TARA_066,15.033492
ERR599068,0.250054,5,ERS490124,surface water layer (ENVO:00002042),2.450991,238.916333,35.323317,TARA_066,15.033492
ERR599173,0.250054,5,ERS490124,surface water layer (ENVO:00002042),2.450991,238.916333,35.323317,TARA_066,15.033492
ERR594362,0.250054,5,ERS490142,surface water layer (ENVO:00002042),2.450991,238.916333,35.323317,TARA_066,15.033492
ERR598982,0.424363,30,ERS490163,deep chlorophyll maximum layer (ENVO:xxxxxxxx),99999,240.4135,35.3315,TARA_066,15.01895
ERR599107,0.424363,30,ERS490163,deep chlorophyll maximum layer (ENVO:xxxxxxxx),99999,240.4135,35.3315,TARA_066,15.01895
ERR594389,0.424363,30,ERS490180,deep chlorophyll maximum layer (ENVO:xxxxxxxx),99999,240.4135,35.3315,TARA_066,15.01895
ERR598994,1.551493,5,ERS490183,surface water layer (ENVO:00002042),0.405607,249.351417,34.845292,TARA_067,12.83445
ERR599144,1.551493,5,ERS490183,surface water layer (ENVO:00002042),0.405607,249.351417,34.845292,TARA_067,12.83445
ERR594313,1.551493,5,ERS490192,surface water layer (ENVO:00002042),0.405607,249.351417,34.845292,TARA_067,12.83445
ERR594325,1.551493,5,ERS490193,surface water layer (ENVO:00002042),0.405607,249.351417,34.845292,TARA_067,12.83445
ERR599302,1.551493,5,ERS490201,surface water layer (ENVO:00002042),0.405607,249.351417,34.845292,TARA_067,12.83445
ERR594395,1.551493,5,ERS490204,surface water layer (ENVO:00002042),0.405607,249.351417,34.845292,TARA_067,12.83445
ERR594404,1.551493,5,ERS490204,surface water layer (ENVO:00002042),0.405607,249.351417,34.845292,TARA_067,12.83445
ERR599131,0.011208,700,ERS490230,mesopelagic zone (ENVO:00000213),25.846888,195.168847,34.477664,TARA_068,7.026748
ERR598947,0.011208,700,ERS490230,mesopelagic zone (ENVO:00000213),25.846888,195.168847,34.477664,TARA_068,7.026748
ERR594302,0.011208,700,ERS490238,mesopelagic zone (ENVO:00000213),25.846888,195.168847,34.477664,TARA_068,7.026748
ERR599129,0.201517,5,ERS490265,surface water layer (ENVO:00002042),99999,231.914833,35.68685,TARA_068,16.832058
ERR599171,0.201517,5,ERS490265,surface water layer (ENVO:00002042),99999,231.914833,35.68685,TARA_068,16.832058
ERR599174,0.201517,5,ERS490265,surface water layer (ENVO:00002042),99999,231.914833,35.68685,TARA_068,16.832058
ERR594318,0.201517,5,ERS490272,surface water layer (ENVO:00002042),99999,231.914833,35.68685,TARA_068,16.832058
ERR594297,0.201517,5,ERS490273,surface water layer (ENVO:00002042),99999,231.914833,35.68685,TARA_068,16.832058
ERR594391,0.201517,5,ERS490285,surface water layer (ENVO:00002042),99999,231.914833,35.68685,TARA_068,16.832058
ERR599056,0.42458,50,ERS490296,deep chlorophyll maximum layer (ENVO:xxxxxxxx),99999,231.683361,35.687803,TARA_068,16.787411
ERR599103,0.42458,50,ERS490296,deep chlorophyll maximum layer (ENVO:xxxxxxxx),99999,231.683361,35.687803,TARA_068,16.787411
ERR599017,0.42458,50,ERS490296,deep chlorophyll maximum layer (ENVO:xxxxxxxx),99999,231.683361,35.687803,TARA_068,16.787411
ERR594294,0.42458,50,ERS490303,deep chlorophyll maximum layer (ENVO:xxxxxxxx),99999,231.683361,35.687803,TARA_068,16.787411
ERR594348,0.42458,50,ERS490304,deep chlorophyll maximum layer (ENVO:xxxxxxxx),99999,231.683361,35.687803,TARA_068,16.787411
ERR599229,0.42458,50,ERS490314,deep chlorophyll maximum layer (ENVO:xxxxxxxx),99999,231.683361,35.687803,TARA_068,16.787411
ERR594415,0.42458,50,ERS490320,deep chlorophyll maximum layer (ENVO:xxxxxxxx),99999,231.683361,35.687803,TARA_068,16.787411
ERR599165,0.324315,5,ERS490327,surface water layer (ENVO:00002042),0.168013,215.650833,36.376225,TARA_070,19.776808
ERR599135,0.324315,5,ERS490327,surface water layer (ENVO:00002042),0.168013,215.650833,36.376225,TARA_070,19.776808
ERR594349,0.324315,5,ERS490336,surface water layer (ENVO:00002042),0.168013,215.650833,36.376225,TARA_070,19.776808
ERR594335,0.324315,5,ERS490337,surface water layer (ENVO:00002042),0.168013,215.650833,36.376225,TARA_070,19.776808
ERR599305,0.324315,5,ERS490343,surface water layer (ENVO:00002042),0.168013,215.650833,36.376225,TARA_070,19.776808
ERR594353,0.324315,5,ERS490346,surface water layer (ENVO:00002042),0.168013,215.650833,36.376225,TARA_070,19.776808
ERR599149,0.003811,800,ERS490373,mesopelagic zone (ENVO:00000213),37.7793,161.730633,34.443883,TARA_070,4.216697
ERR599044,0.003811,800,ERS490373,mesopelagic zone (ENVO:00000213),37.7793,161.730633,34.443883,TARA_070,4.216697
ERR594299,0.003811,800,ERS490380,mesopelagic zone (ENVO:00000213),37.7793,161.730633,34.443883,TARA_070,4.216697
ERR594308,0.003811,800,ERS490380,mesopelagic zone (ENVO:00000213),37.7793,161.730633,34.443883,TARA_070,4.216697
ERR594331,0.003811,800,ERS490382,mesopelagic zone (ENVO:00000213),37.7793,161.730633,34.443883,TARA_070,4.216697
ERR599207,0.003811,800,ERS490387,mesopelagic zone (ENVO:00000213),37.7793,161.730633,34.443883,TARA_070,4.216697
ERR594407,0.003811,800,ERS490388,mesopelagic zone (ENVO:00000213),37.7793,161.730633,34.443883,TARA_070,4.216697
ERR598984,0.050608,5,ERS490433,surface water layer (ENVO:00002042),0.263475,199.1195,36.42324,TARA_072,25.02619
ERR599105,0.050608,5,ERS490433,surface water layer (ENVO:00002042),0.263475,199.1195,36.42324,TARA_072,25.02619
ERR599276,0.050608,5,ERS490448,surface water layer (ENVO:00002042),0.263475,199.1195,36.42324,TARA_072,25.02619
ERR594364,0.050608,5,ERS490452,surface water layer (ENVO:00002042),0.263475,199.1195,36.42324,TARA_072,25.02619
ERR599137,0.263939,100,ERS490476,deep chlorophyll maximum layer (ENVO:xxxxxxxx),0.241265,194.428431,36.603343,TARA_072,24.112672
ERR599133,0.263939,100,ERS490476,deep chlorophyll maximum layer (ENVO:xxxxxxxx),0.241265,194.428431,36.603343,TARA_072,24.112672
ERR599307,0.263939,100,ERS490490,deep chlorophyll maximum layer (ENVO:xxxxxxxx),0.241265,194.428431,36.603343,TARA_072,24.112672
ERR594379,0.263939,100,ERS490494,deep chlorophyll maximum layer (ENVO:xxxxxxxx),0.241265,194.428431,36.603343,TARA_072,24.112672
ERR599005,0,800,ERS490507,mesopelagic zone (ENVO:00000213),38.448475,143.1955,34.472575,TARA_072,4.673875
ERR599048,0,800,ERS490507,mesopelagic zone (ENVO:00000213),38.448475,143.1955,34.472575,TARA_072,4.673875
ERR599211,0,800,ERS490521,mesopelagic zone (ENVO:00000213),38.448475,143.1955,34.472575,TARA_072,4.673875
ERR594388,0,800,ERS490522,mesopelagic zone (ENVO:00000213),38.448475,143.1955,34.472575,TARA_072,4.673875
ERR599126,0.033622,5,ERS490542,surface water layer (ENVO:00002042),0.030608,206.194333,37.101367,TARA_076,23.349542
ERR599010,0.033622,5,ERS490542,surface water layer (ENVO:00002042),0.030608,206.194333,37.101367,TARA_076,23.349542
ERR594310,0.033622,5,ERS490547,surface water layer (ENVO:00002042),0.030608,206.194333,37.101367,TARA_076,23.349542
ERR594286,0.033622,5,ERS490548,surface water layer (ENVO:00002042),0.030608,206.194333,37.101367,TARA_076,23.349542
ERR599309,0.033622,5,ERS490553,surface water layer (ENVO:00002042),0.030608,206.194333,37.101367,TARA_076,23.349542
ERR594354,0.033622,5,ERS490557,surface water layer (ENVO:00002042),0.030608,206.194333,37.101367,TARA_076,23.349542
ERR599148,0.150865,150,ERS490597,deep chlorophyll maximum layer (ENVO:xxxxxxxx),0.580918,203.814833,36.724683,TARA_076,21.643283
ERR599040,0.150865,150,ERS490597,deep chlorophyll maximum layer (ENVO:xxxxxxxx),0.580918,203.814833,36.724683,TARA_076,21.643283
ERR594321,0.150865,150,ERS490602,deep chlorophyll maximum layer (ENVO:xxxxxxxx),0.580918,203.814833,36.724683,TARA_076,21.643283
ERR594298,0.150865,150,ERS490603,deep chlorophyll maximum layer (ENVO:xxxxxxxx),0.580918,203.814833,36.724683,TARA_076,21.643283
ERR599330,0.150865,150,ERS490607,deep chlorophyll maximum layer (ENVO:xxxxxxxx),0.580918,203.814833,36.724683,TARA_076,21.643283
ERR594355,0.150865,150,ERS490610,deep chlorophyll maximum layer (ENVO:xxxxxxxx),0.580918,203.814833,36.724683,TARA_076,21.643283
ERR599000,0,800,ERS490633,mesopelagic zone (ENVO:00000213),34.589515,192.1655,34.369275,TARA_076,4.749588
ERR599154,0,800,ERS490633,mesopelagic zone (ENVO:00000213),34.589515,192.1655,34.369275,TARA_076,4.749588
ERR594333,0,800,ERS490643,mesopelagic zone (ENVO:00000213),34.589515,192.1655,34.369275,TARA_076,4.749588
ERR599006,0.053173,5,ERS490659,surface water layer (ENVO:00002042),-0.385346,221.47475,36.32425,TARA_078,19.854083
ERR599022,0.053173,5,ERS490659,surface water layer (ENVO:00002042),-0.385346,221.47475,36.32425,TARA_078,19.854083
ERR594340,0.053173,5,ERS490664,surface water layer (ENVO:00002042),-0.385346,221.47475,36.32425,TARA_078,19.854083
ERR594332,0.053173,5,ERS490665,surface water layer (ENVO:00002042),-0.385346,221.47475,36.32425,TARA_078,19.854083
ERR594411,0.053173,5,ERS490676,surface water layer (ENVO:00002042),-0.385346,221.47475,36.32425,TARA_078,19.854083
ERR599101,0.226052,120,ERS490691,deep chlorophyll maximum layer (ENVO:xxxxxxxx),0.478929,217.140667,36.27495,TARA_078,19.30925
ERR599046,0.226052,120,ERS490691,deep chlorophyll maximum layer (ENVO:xxxxxxxx),0.478929,217.140667,36.27495,TARA_078,19.30925
ERR594336,0.226052,120,ERS490696,deep chlorophyll maximum layer (ENVO:xxxxxxxx),0.478929,217.140667,36.27495,TARA_078,19.30925
ERR594303,0.226052,120,ERS490697,deep chlorophyll maximum layer (ENVO:xxxxxxxx),0.478929,217.140667,36.27495,TARA_078,19.30925
ERR599124,0,800,ERS490714,mesopelagic zone (ENVO:00000213),29.783185,214.842,34.3629,TARA_078,5.8659
ERR599159,0,800,ERS490714,mesopelagic zone (ENVO:00000213),29.783185,214.842,34.3629,TARA_078,5.8659
ERR594289,0,800,ERS490722,mesopelagic zone (ENVO:00000213),29.783185,214.842,34.3629,TARA_078,5.8659
ERR599009,0.310844,5,ERS490885,surface water layer (ENVO:00002042),17.091069,305.012167,34.048642,TARA_082,7.321517
ERR599035,0.310844,5,ERS490885,surface water layer (ENVO:00002042),17.091069,305.012167,34.048642,TARA_082,7.321517
ERR599384,0.310844,5,ERS490900,surface water layer (ENVO:00002042),17.091069,305.012167,34.048642,TARA_082,7.321517
ERR599122,1.01772,40,ERS490928,deep chlorophyll maximum layer (ENVO:xxxxxxxx),17.111823,306.211529,34.057594,TARA_082,6.975635
ERR599027,1.01772,40,ERS490928,deep chlorophyll maximum layer (ENVO:xxxxxxxx),17.111823,306.211529,34.057594,TARA_082,6.975635
ERR594409,1.01772,40,ERS490953,deep chlorophyll maximum layer (ENVO:xxxxxxxx),17.111823,306.211529,34.057594,TARA_082,6.975635
ERR599059,0.109555,5,ERS491001,surface water layer (ENVO:00002042),24.423039,338.2982,33.71972,TARA_084,1.84402
ERR598945,0.109555,5,ERS491001,surface water layer (ENVO:00002042),24.423039,338.2982,33.71972,TARA_084,1.84402
ERR599090,0.065273,5,ERS491044,surface water layer (ENVO:00002042),27.501159,343.4373,34.35388,TARA_085,0.67108
ERR599176,0.065273,5,ERS491044,surface water layer (ENVO:00002042),27.501159,343.4373,34.35388,TARA_085,0.67108
ERR599364,0.065273,5,ERS491063,surface water layer (ENVO:00002042),27.501159,343.4373,34.35388,TARA_085,0.67108
ERR599121,0.540091,90,ERS491095,deep chlorophyll maximum layer (ENVO:xxxxxxxx),33.109231,325.402987,34.319478,TARA_085,-0.78154
ERR599104,0.540091,90,ERS491095,deep chlorophyll maximum layer (ENVO:xxxxxxxx),33.109231,325.402987,34.319478,TARA_085,-0.78154
ERR594377,0.540091,90,ERS491107,deep chlorophyll maximum layer (ENVO:xxxxxxxx),33.109231,325.402987,34.319478,TARA_085,-0.78154
ERR599008,0.010087,790,ERS491110,mesopelagic zone (ENVO:00000213),38.821249,203.8394,34.67996,TARA_085,0.45883
ERR599125,0.010087,790,ERS491110,mesopelagic zone (ENVO:00000213),38.821249,203.8394,34.67996,TARA_085,0.45883
ERR599064,0.387495,5,ERS491421,surface water layer (ENVO:00002042),-1.485075,244.861667,34.295417,TARA_093,18.014508
ERR868416,0.387495,5,ERS491433,surface water layer (ENVO:00002042),-1.485075,244.861667,34.295417,TARA_093,18.014508
ERR598965,1.104727,35,ERS491463,deep chlorophyll maximum layer (ENVO:xxxxxxxx),0.660123,237.215,34.267975,TARA_093,16.40115
ERR599050,0.147822,5,ERS491492,surface water layer (ENVO:00002042),-0.39754,219.174917,34.682604,TARA_094,21.131962
ERR868436,0.139594,5,ERS491514,surface water layer (ENVO:00002042),-0.399569,211.064917,34.9278,TARA_095,22.413508
ERR598967,0.044093,5,ERS491525,surface water layer (ENVO:00002042),-0.372718,204.13825,35.766117,TARA_096,23.799133
ERR868446,0.203442,175,ERS491673,deep chlorophyll maximum layer (ENVO:xxxxxxxx),1.204771,217.199475,35.368045,TARA_097,18.334334
ERR599093,0.013449,5,ERS491699,surface water layer (ENVO:00002042),-1.567491,200.538167,36.402683,TARA_098,25.14875
ERR599120,0.013449,5,ERS491699,surface water layer (ENVO:00002042),-1.567491,200.538167,36.402683,TARA_098,25.14875
ERR599079,0.176523,188,ERS491740,deep chlorophyll maximum layer (ENVO:xxxxxxxx),-0.73316,210.5781,35.845669,TARA_098,20.171605
ERR599042,0.176523,188,ERS491740,deep chlorophyll maximum layer (ENVO:xxxxxxxx),-0.73316,210.5781,35.845669,TARA_098,20.171605
ERR873966,0.176523,188,ERS491757,deep chlorophyll maximum layer (ENVO:xxxxxxxx),-0.73316,210.5781,35.845669,TARA_098,20.171605
ERR599071,0,488,ERS491767,mesopelagic zone (ENVO:00000213),24.644021,155.55759,34.362649,TARA_098,8.113126
ERR599085,0,488,ERS491767,mesopelagic zone (ENVO:00000213),24.644021,155.55759,34.362649,TARA_098,8.113126
ERR599024,0.037733,5,ERS491804,surface water layer (ENVO:00002042),-1.737405,203.995417,36.129117,TARA_099,23.788833
ERR599163,0.287892,5,ERS491836,surface water layer (ENVO:00002042),4.590737,200.233917,35.835267,TARA_100,25.2512
ERR599169,0.287892,5,ERS491836,surface water layer (ENVO:00002042),4.590737,200.233917,35.835267,TARA_100,25.2512
ERR599063,0.287892,5,ERS491836,surface water layer (ENVO:00002042),4.590737,200.233917,35.835267,TARA_100,25.2512
ERR599342,0.287892,5,ERS491851,surface water layer (ENVO:00002042),4.590737,200.233917,35.835267,TARA_100,25.2512
ERR599113,0.366887,50,ERS491874,deep chlorophyll maximum layer (ENVO:xxxxxxxx),1.501977,216.790338,35.544655,TARA_100,20.649431
ERR599081,0.366887,50,ERS491874,deep chlorophyll maximum layer (ENVO:xxxxxxxx),1.501977,216.790338,35.544655,TARA_100,20.649431
ERR599359,0.366887,50,ERS491897,deep chlorophyll maximum layer (ENVO:xxxxxxxx),1.501977,216.790338,35.544655,TARA_100,20.649431
ERR598981,0.121464,177,ERS491913,mesopelagic zone (ENVO:00000213) & marine oxygen minimum zone (ENVO:01000065),21.068385,0.70843,34.840218,TARA_100,13.014573
ERR598946,0.121464,177,ERS491913,mesopelagic zone (ENVO:00000213) & marine oxygen minimum zone (ENVO:01000065),21.068385,0.70843,34.840218,TARA_100,13.014573
ERR598953,0.121464,177,ERS491913,mesopelagic zone (ENVO:00000213) & marine oxygen minimum zone (ENVO:01000065),21.068385,0.70843,34.840218,TARA_100,13.014573
ERR599375,0.121464,177,ERS491930,mesopelagic zone (ENVO:00000213) & marine oxygen minimum zone (ENVO:01000065),21.068385,0.70843,34.840218,TARA_100,13.014573
ERR598978,0.238224,5,ERS491938,surface water layer (ENVO:00002042),11.688971,205.992583,34.748175,TARA_102,24.943108
ERR598943,0.238224,5,ERS491938,surface water layer (ENVO:00002042),11.688971,205.992583,34.748175,TARA_102,24.943108
ERR599128,0.010087,480,ERS491980,mesopelagic zone (ENVO:00000213) & marine oxygen minimum zone (ENVO:01000065),40.008967,4.42525,34.69255,TARA_102,9.195825
ERR599055,0.010087,480,ERS491980,mesopelagic zone (ENVO:00000213) & marine oxygen minimum zone (ENVO:01000065),40.008967,4.42525,34.69255,TARA_102,9.195825
ERR599132,0.010087,480,ERS491980,mesopelagic zone (ENVO:00000213) & marine oxygen minimum zone (ENVO:01000065),40.008967,4.42525,34.69255,TARA_102,9.195825
ERR599346,0.010087,480,ERS491995,mesopelagic zone (ENVO:00000213) & marine oxygen minimum zone (ENVO:01000065),40.008967,4.42525,34.69255,TARA_102,9.195825
ERR599007,0.728939,40,ERS492012,deep chlorophyll maximum layer (ENVO:xxxxxxxx),20.328327,103.916711,34.900284,TARA_102,19.566255
ERR599168,0.728939,40,ERS492012,deep chlorophyll maximum layer (ENVO:xxxxxxxx),20.328327,103.916711,34.900284,TARA_102,19.566255
ERR598962,0.728939,40,ERS492012,deep chlorophyll maximum layer (ENVO:xxxxxxxx),20.328327,103.916711,34.900284,TARA_102,19.566255
ERR868377,0,380,ERS492117,mesopelagic zone (ENVO:00000213) & marine oxygen minimum zone (ENVO:01000065),37.694059,4.60625,34.745125,TARA_106,10.193037
ERR598997,0.28167,5,ERS492145,surface water layer (ENVO:00002042),1.210114,198.635833,33.3676,TARA_109,27.617558
ERR599118,0.28167,5,ERS492145,surface water layer (ENVO:00002042),1.210114,198.635833,33.3676,TARA_109,27.617558
ERR868441,0.28167,5,ERS492154,surface water layer (ENVO:00002042),1.210114,198.635833,33.3676,TARA_109,27.617558
ERR594412,0.28167,5,ERS492160,surface water layer (ENVO:00002042),1.210114,198.635833,33.3676,TARA_109,27.617558
ERR599065,0.737378,30,ERS492177,deep chlorophyll maximum layer (ENVO:xxxxxxxx),3.886605,203.127654,34.344808,TARA_109,26.532035
ERR599108,0.737378,30,ERS492177,deep chlorophyll maximum layer (ENVO:xxxxxxxx),3.886605,203.127654,34.344808,TARA_109,26.532035
ERR598952,0.737378,30,ERS492177,deep chlorophyll maximum layer (ENVO:xxxxxxxx),3.886605,203.127654,34.344808,TARA_109,26.532035
ERR594381,0.737378,30,ERS492198,deep chlorophyll maximum layer (ENVO:xxxxxxxx),3.886605,203.127654,34.344808,TARA_109,26.532035
ERR594380,0.737378,30,ERS492198,deep chlorophyll maximum layer (ENVO:xxxxxxxx),3.886605,203.127654,34.344808,TARA_109,26.532035
ERR594383,0.737378,30,ERS492198,deep chlorophyll maximum layer (ENVO:xxxxxxxx),3.886605,203.127654,34.344808,TARA_109,26.532035
ERR594387,0.737378,30,ERS492198,deep chlorophyll maximum layer (ENVO:xxxxxxxx),3.886605,203.127654,34.344808,TARA_109,26.532035
ERR594357,0.737378,30,ERS492198,deep chlorophyll maximum layer (ENVO:xxxxxxxx),3.886605,203.127654,34.344808,TARA_109,26.532035
ERR598971,0,380,ERS492205,mesopelagic zone (ENVO:00000213),33.915981,2.516667,34.79985,TARA_109,11.3158
ERR599067,0,380,ERS492205,mesopelagic zone (ENVO:00000213),33.915981,2.516667,34.79985,TARA_109,11.3158
ERR868506,0,380,ERS492212,mesopelagic zone (ENVO:00000213),33.915981,2.516667,34.79985,TARA_109,11.3158
ERR599039,0.317793,5,ERS492228,surface water layer (ENVO:00002042),6.729337,190.816333,35.0193,TARA_110,23.8683
ERR868442,0.317793,5,ERS492243,surface water layer (ENVO:00002042),6.729337,190.816333,35.0193,TARA_110,23.8683
ERR599014,0.460366,50,ERS492264,deep chlorophyll maximum layer (ENVO:xxxxxxxx),10.945064,144.633667,35.066093,TARA_110,21.814577
ERR868438,0.460366,50,ERS492279,deep chlorophyll maximum layer (ENVO:xxxxxxxx),10.945064,144.633667,35.066093,TARA_110,21.814577
ERR599020,0,380,ERS492294,mesopelagic zone (ENVO:00000213),34.644911,1.27395,34.755346,TARA_110,10.2584
ERR868443,0,380,ERS492306,mesopelagic zone (ENVO:00000213),34.644911,1.27395,34.755346,TARA_110,10.2584
ERR599077,0.203347,5,ERS492321,surface water layer (ENVO:00002042),2.568726,208.8654,35.97144,TARA_111,22.76873
ERR599357,0.203347,5,ERS492342,surface water layer (ENVO:00002042),2.568726,208.8654,35.97144,TARA_111,22.76873
ERR598961,0.378549,90,ERS492357,deep chlorophyll maximum layer (ENVO:xxxxxxxx),1.411516,211.54555,35.687249,TARA_111,19.881449
ERR599369,0.378549,90,ERS492376,deep chlorophyll maximum layer (ENVO:xxxxxxxx),1.411516,211.54555,35.687249,TARA_111,19.881449
ERR599086,0,350,ERS492381,mesopelagic zone (ENVO:00000213),30.409013,3.171063,34.698369,TARA_111,10.893125
ERR599368,0,350,ERS492399,mesopelagic zone (ENVO:00000213),30.409013,3.171063,34.698369,TARA_111,10.893125
ERR598954,0.04895,5,ERS492408,surface water layer (ENVO:00002042),-0.916543,202.174583,36.453917,TARA_112,24.237467
ERR868501,0.04895,5,ERS492426,surface water layer (ENVO:00002042),-0.916543,202.174583,36.453917,TARA_112,24.237467
ERR598957,0.222552,155,ERS492445,deep chlorophyll maximum layer (ENVO:xxxxxxxx),0.476585,207.089325,35.939945,TARA_112,22.261435
ERR868432,0.222552,155,ERS492461,deep chlorophyll maximum layer (ENVO:xxxxxxxx),0.476585,207.089325,35.939945,TARA_112,22.261435
ERR599072,0,696,ERS492471,mesopelagic zone (ENVO:00000213),29.181849,199.248437,34.305001,TARA_112,5.791448
ERR868405,0.142584,5,ERS492516,surface water layer (ENVO:00002042),-0.684453,203.003667,36.514942,TARA_113,23.791908
ERR598992,0.166512,5,ERS492642,surface water layer (ENVO:00002042),3.986359,186.2407,35.3662,TARA_122,26.54413
ERR594292,0.166512,5,ERS492646,surface water layer (ENVO:00002042),3.986359,186.2407,35.3662,TARA_122,26.54413
ERR594307,0.166512,5,ERS492647,surface water layer (ENVO:00002042),3.986359,186.2407,35.3662,TARA_122,26.54413
ERR594306,0.166512,5,ERS492648,surface water layer (ENVO:00002042),3.986359,186.2407,35.3662,TARA_122,26.54413
ERR599380,0.166512,5,ERS492657,surface water layer (ENVO:00002042),3.986359,186.2407,35.3662,TARA_122,26.54413
ERR599096,0,600,ERS492680,mesopelagic zone (ENVO:00000213),42.53205,38.115125,34.580675,TARA_122,7.212238
ERR598999,0,600,ERS492680,mesopelagic zone (ENVO:00000213),42.53205,38.115125,34.580675,TARA_122,7.212238
ERR599083,0,600,ERS492680,mesopelagic zone (ENVO:00000213),42.53205,38.115125,34.580675,TARA_122,7.212238
ERR599033,0,600,ERS492680,mesopelagic zone (ENVO:00000213),42.53205,38.115125,34.580675,TARA_122,7.212238
ERR594309,0,600,ERS492683,mesopelagic zone (ENVO:00000213),42.53205,38.115125,34.580675,TARA_122,7.212238
ERR594305,0,600,ERS492684,mesopelagic zone (ENVO:00000213),42.53205,38.115125,34.580675,TARA_122,7.212238
ERR594322,0,600,ERS492685,mesopelagic zone (ENVO:00000213),42.53205,38.115125,34.580675,TARA_122,7.212238
ERR599341,0,600,ERS492692,mesopelagic zone (ENVO:00000213),42.53205,38.115125,34.580675,TARA_122,7.212238
ERR598948,0.295808,115,ERS492699,deep chlorophyll maximum layer (ENVO:xxxxxxxx),2.333576,179.916875,36.097575,TARA_122,24.69625
ERR594284,0.295808,115,ERS492703,deep chlorophyll maximum layer (ENVO:xxxxxxxx),2.333576,179.916875,36.097575,TARA_122,24.69625
ERR594304,0.295808,115,ERS492704,deep chlorophyll maximum layer (ENVO:xxxxxxxx),2.333576,179.916875,36.097575,TARA_122,24.69625
ERR594301,0.295808,115,ERS492705,deep chlorophyll maximum layer (ENVO:xxxxxxxx),2.333576,179.916875,36.097575,TARA_122,24.69625
ERR599377,0.295808,115,ERS492714,deep chlorophyll maximum layer (ENVO:xxxxxxxx),2.333576,179.916875,36.097575,TARA_122,24.69625
ERR599160,0.319103,5,ERS492733,surface water layer (ENVO:00002042),3.868407,189.758333,35.359483,TARA_123,26.576175
ERR594326,0.319103,5,ERS492738,surface water layer (ENVO:00002042),3.868407,189.758333,35.359483,TARA_123,26.576175
ERR594347,0.319103,5,ERS492739,surface water layer (ENVO:00002042),3.868407,189.758333,35.359483,TARA_123,26.576175
ERR634968,0.319103,5,ERS492748,surface water layer (ENVO:00002042),3.868407,189.758333,35.359483,TARA_123,26.576175
ERR599157,0.051638,150,ERS492778,marine epipelagic mixed layer (ENVO:xxxxxxxxx),5.023264,161.3185,35.88072,TARA_123,22.1151
ERR598998,0.051638,150,ERS492778,marine epipelagic mixed layer (ENVO:xxxxxxxxx),5.023264,161.3185,35.88072,TARA_123,22.1151
ERR599117,0.051638,150,ERS492778,marine epipelagic mixed layer (ENVO:xxxxxxxxx),5.023264,161.3185,35.88072,TARA_123,22.1151
ERR598956,0.051638,150,ERS492778,marine epipelagic mixed layer (ENVO:xxxxxxxxx),5.023264,161.3185,35.88072,TARA_123,22.1151
ERR594293,0.051638,150,ERS492781,marine epipelagic mixed layer (ENVO:xxxxxxxxx),5.023264,161.3185,35.88072,TARA_123,22.1151
ERR594337,0.051638,150,ERS492782,marine epipelagic mixed layer (ENVO:xxxxxxxxx),5.023264,161.3185,35.88072,TARA_123,22.1151
ERR594319,0.051638,150,ERS492783,marine epipelagic mixed layer (ENVO:xxxxxxxxx),5.023264,161.3185,35.88072,TARA_123,22.1151
ERR599036,0.286662,5,ERS492814,surface water layer (ENVO:00002042),5.111856,190.724,35.396729,TARA_124,26.518986
ERR599151,0.286662,5,ERS492814,surface water layer (ENVO:00002042),5.111856,190.724,35.396729,TARA_124,26.518986
ERR599069,0.286662,5,ERS492814,surface water layer (ENVO:00002042),5.111856,190.724,35.396729,TARA_124,26.518986
ERR599080,0.286662,5,ERS492814,surface water layer (ENVO:00002042),5.111856,190.724,35.396729,TARA_124,26.518986
ERR594287,0.286662,5,ERS492818,surface water layer (ENVO:00002042),5.111856,190.724,35.396729,TARA_124,26.518986
ERR594311,0.286662,5,ERS492819,surface water layer (ENVO:00002042),5.111856,190.724,35.396729,TARA_124,26.518986
ERR594296,0.286662,5,ERS492820,surface water layer (ENVO:00002042),5.111856,190.724,35.396729,TARA_124,26.518986
ERR588857,0.286662,5,ERS492821,surface water layer (ENVO:00002042),5.111856,190.724,35.396729,TARA_124,26.518986
ERR599354,0.286662,5,ERS492843,surface water layer (ENVO:00002042),5.111856,190.724,35.396729,TARA_124,26.518986
ERR599161,0.127609,120,ERS492863,marine epipelagic mixed layer (ENVO:xxxxxxxxx),4.458677,175.895625,35.797875,TARA_124,25.221787
ERR598988,0.127609,120,ERS492863,marine epipelagic mixed layer (ENVO:xxxxxxxxx),4.458677,175.895625,35.797875,TARA_124,25.221787
ERR599084,0.127609,120,ERS492863,marine epipelagic mixed layer (ENVO:xxxxxxxxx),4.458677,175.895625,35.797875,TARA_124,25.221787
ERR599089,0.127609,120,ERS492863,marine epipelagic mixed layer (ENVO:xxxxxxxxx),4.458677,175.895625,35.797875,TARA_124,25.221787
ERR594285,0.127609,120,ERS492866,marine epipelagic mixed layer (ENVO:xxxxxxxxx),4.458677,175.895625,35.797875,TARA_124,25.221787
ERR594343,0.127609,120,ERS492867,marine epipelagic mixed layer (ENVO:xxxxxxxxx),4.458677,175.895625,35.797875,TARA_124,25.221787
ERR594338,0.127609,120,ERS492868,marine epipelagic mixed layer (ENVO:xxxxxxxxx),4.458677,175.895625,35.797875,TARA_124,25.221787
ERR599367,0.127609,120,ERS492877,marine epipelagic mixed layer (ENVO:xxxxxxxxx),4.458677,175.895625,35.797875,TARA_124,25.221787
ERR599091,0.233673,5,ERS492888,surface water layer (ENVO:00002042),4.985942,187.302833,35.427733,TARA_125,26.780158
ERR599114,0.233673,5,ERS492888,surface water layer (ENVO:00002042),4.985942,187.302833,35.427733,TARA_125,26.780158
ERR599119,0.233673,5,ERS492888,surface water layer (ENVO:00002042),4.985942,187.302833,35.427733,TARA_125,26.780158
ERR599066,0.233673,5,ERS492888,surface water layer (ENVO:00002042),4.985942,187.302833,35.427733,TARA_125,26.780158
ERR594344,0.233673,5,ERS492892,surface water layer (ENVO:00002042),4.985942,187.302833,35.427733,TARA_125,26.780158
ERR594339,0.233673,5,ERS492893,surface water layer (ENVO:00002042),4.985942,187.302833,35.427733,TARA_125,26.780158
ERR594323,0.233673,5,ERS492894,surface water layer (ENVO:00002042),4.985942,187.302833,35.427733,TARA_125,26.780158
ERR599337,0.233673,5,ERS492903,surface water layer (ENVO:00002042),4.985942,187.302833,35.427733,TARA_125,26.780158
ERR599156,0.020173,140,ERS492926,marine epipelagic mixed layer (ENVO:xxxxxxxxx),3.67243,160.4895,36.272675,TARA_125,23.706525
ERR594341,0.020173,140,ERS492930,marine epipelagic mixed layer (ENVO:xxxxxxxxx),3.67243,160.4895,36.272675,TARA_125,23.706525
ERR594342,0.020173,140,ERS492931,marine epipelagic mixed layer (ENVO:xxxxxxxxx),3.67243,160.4895,36.272675,TARA_125,23.706525
ERR594300,0.020173,140,ERS492932,marine epipelagic mixed layer (ENVO:xxxxxxxxx),3.67243,160.4895,36.272675,TARA_125,23.706525
ERR599038,0.288205,5,ERS493044,surface water layer (ENVO:00002042),2.467162,179.86,35.100467,TARA_128,26.074467
ERR868462,0.288205,5,ERS493057,surface water layer (ENVO:00002042),2.467162,179.86,35.100467,TARA_128,26.074467
ERR599032,0.451256,40,ERS493098,deep chlorophyll maximum layer (ENVO:xxxxxxxx),4.36571,176.984778,35.135422,TARA_128,26.080233
ERR868384,0.000617,746,ERS493295,mesopelagic zone (ENVO:00000213),37.906806,21.905787,34.2192,TARA_131,4.669603
ERR599142,0.057131,5,ERS493300,surface water layer (ENVO:00002042),-0.979589,197.682417,35.181842,TARA_132,25.173925
ERR598995,0.276677,115,ERS493340,deep chlorophyll maximum layer (ENVO:xxxxxxxx),0.732507,225.501338,34.36909,TARA_132,15.284298
ERR598980,0.005017,550,ERS493372,mesopelagic zone (ENVO:00000213),29.0941,138.735952,34.000507,TARA_132,6.689724
ERR868490,0.005017,550,ERS493382,mesopelagic zone (ENVO:00000213),29.0941,138.735952,34.000507,TARA_132,6.689724
ERR599052,0.038221,5,ERS493390,surface water layer (ENVO:00002042),-0.673592,224.407583,33.099008,TARA_133,19.249733
ERR598942,0.436597,45,ERS493431,deep chlorophyll maximum layer (ENVO:xxxxxxxx),4.832723,227.686042,33.241367,TARA_133,13.159842
ERR599115,0.002017,650,ERS493460,mesopelagic zone (ENVO:00000213),44.082977,8.57745,34.329655,TARA_133,4.936634
ERR868378,0.245841,5,ERS493612,surface water layer (ENVO:00002042),-1.145148,201.216,34.52465,TARA_136,24.52735
ERR598989,0.290611,5,ERS493636,surface water layer (ENVO:00002042),3.241307,195.126917,33.884425,TARA_137,26.4091
ERR599099,99999,40,ERS493670,deep chlorophyll maximum layer (ENVO:xxxxxxxx),99999,99999,99999,TARA_137,99999
ERR598987,99999,40,ERS493670,deep chlorophyll maximum layer (ENVO:xxxxxxxx),99999,99999,99999,TARA_137,99999
ERR599070,99999,40,ERS493670,deep chlorophyll maximum layer (ENVO:xxxxxxxx),99999,99999,99999,TARA_137,99999
ERR599147,99999,40,ERS493670,deep chlorophyll maximum layer (ENVO:xxxxxxxx),99999,99999,99999,TARA_137,99999
ERR599340,99999,40,ERS493684,deep chlorophyll maximum layer (ENVO:xxxxxxxx),99999,99999,99999,TARA_137,99999
ERR599127,0.001625,375,ERS493705,mesopelagic zone (ENVO:00000213),35.716708,0.628413,34.586699,TARA_137,8.911481
ERR599015,0.001625,375,ERS493705,mesopelagic zone (ENVO:00000213),35.716708,0.628413,34.586699,TARA_137,8.911481
ERR599152,0.001625,375,ERS493705,mesopelagic zone (ENVO:00000213),35.716708,0.628413,34.586699,TARA_137,8.911481
ERR599076,0.001625,375,ERS493705,mesopelagic zone (ENVO:00000213),35.716708,0.628413,34.586699,TARA_137,8.911481
ERR599030,0.013449,5,ERS493752,surface water layer (ENVO:00002042),-1.184318,196.88275,33.407042,TARA_138,26.6362
ERR599087,0.334076,60,ERS493788,deep chlorophyll maximum layer (ENVO:xxxxxxxx),22.087762,77.038525,34.611755,TARA_138,19.048358
ERR599345,0.334076,60,ERS493803,deep chlorophyll maximum layer (ENVO:xxxxxxxx),22.087762,77.038525,34.611755,TARA_138,19.048358
ERR599051,0.002017,450,ERS493822,mesopelagic zone (ENVO:00000213),36.886053,0.78015,34.608434,TARA_138,8.210557
ERR599004,0.002017,450,ERS493822,mesopelagic zone (ENVO:00000213),36.886053,0.78015,34.608434,TARA_138,8.210557
ERR599060,0.002017,450,ERS493822,mesopelagic zone (ENVO:00000213),36.886053,0.78015,34.608434,TARA_138,8.210557
ERR599175,0.002017,450,ERS493822,mesopelagic zone (ENVO:00000213),36.886053,0.78015,34.608434,TARA_138,8.210557
ERR868420,0.4664,5,ERS493853,surface water layer (ENVO:00002042),2.892241,157.176,33.102675,TARA_139,26.273758
ERR599162,0.040695,5,ERS493877,surface water layer (ENVO:00002042),-3.796686,205.2885,28.919008,TARA_140,26.62925
ERR599029,0.126428,5,ERS493914,surface water layer (ENVO:00002042),-1.723962,195.523833,34.347208,TARA_141,27.119358
ERR599136,0.163338,5,ERS493938,surface water layer (ENVO:00002042),-2.2118,194.2675,36.193733,TARA_142,24.96555
ERR868430,0.163338,5,ERS493954,surface water layer (ENVO:00002042),-2.2118,194.2675,36.193733,TARA_142,24.96555
ERR599100,0.164483,125,ERS493981,deep chlorophyll maximum layer (ENVO:xxxxxxxx),0.439852,192.971638,36.172194,TARA_142,24.948842
ERR598985,0.008069,640,ERS494006,mesopelagic zone (ENVO:00000213),31.851193,108.240083,35.165658,TARA_142,9.756257
ERR598983,0.296307,5,ERS494170,surface water layer (ENVO:00002042),3.478193,233.859,35.18335,TARA_145,14.11885
ERR599166,0.008351,590,ERS494208,mesopelagic zone (ENVO:00000213) & marine oxygen minimum zone (ENVO:01000065),19.854511,230.24915,34.969202,TARA_145,5.067239
ERR598968,0.12799,5,ERS494236,surface water layer (ENVO:00002042),0.859819,214.365,36.4626,TARA_146,19.1288
ERR599047,0.006052,640,ERS494274,mesopelagic zone (ENVO:00000213),21.830872,138.0832,35.402185,TARA_146,11.012346
ERR599123,0.166512,5,ERS494332,surface water layer (ENVO:00002042),99999,212.5623,36.5996,TARA_148,20.3973
ERR598958,0.004651,250,ERS494374,mesopelagic zone (ENVO:00000213),4.042901,191.752575,36.563668,TARA_148b,18.169021
ERR598963,0.214174,5,ERS494394,surface water layer (ENVO:00002042),-1.176123,220.189917,36.4072,TARA_149,18.732683
ERR598964,0.009303,740,ERS494431,mesopelagic zone (ENVO:00000213),21.26922,155.156833,35.375245,TARA_149,10.565417
ERR599170,0.196921,5,ERS494445,surface water layer (ENVO:00002042),-0.328716,228.375583,36.3123,TARA_150,17.583075
ERR598996,0.339591,40,ERS494488,deep chlorophyll maximum layer (ENVO:xxxxxxxx),1.210278,230.132971,36.240197,TARA_150,17.663574
ERR598976,0.040347,5,ERS494518,surface water layer (ENVO:00002042),0.334082,232.053333,36.23775,TARA_151,17.260108
ERR598986,0.247378,80,ERS494559,deep chlorophyll maximum layer (ENVO:xxxxxxxx),1.56535,228.54515,36.162887,TARA_151,16.751066
ERR599078,0.238225,5,ERS494579,surface water layer (ENVO:00002042),2.999226,243.148,35.986042,TARA_152,14.28065
ERR598944,0.001345,800,ERS494616,mesopelagic zone (ENVO:00000213),18.205769,175.306683,35.539507,TARA_152,10.21177
ERR599001,99999,25,ERS494628,water layer with no specific feature,99999,99999,99999,TARA_152,99999