ENA-SAMPLE,Chlorophyll,Temperature,NO2 [umol/L],Oxygen [umol/kg],PO4 [umol/L],MGII_virus,Cyanophage,Depth,Salinity [PSU],SAR116,Nitrates [umol/L],MGII,SAR11,NO2NO3 [umol/L],Prochlorococcus,Synechococcus,Region,Euryarchaeota,Crenarchaeota,Cyanobacteria
ERS477931,0.0812,23.82575,1.2,103.9,1.86,0.217681188425,29.4449670575,5.0,34.9,0.349505496805,20.3,4.06215915795,105.268346051,24.4,24.0269807146,11.4884288116,MS,0.0557744160687,0.0334019639631,35.5154095262
ERS477953,0.553274,17.36746,0.14,200.2,0.68,4.06200794375,124.595755625,42.0,35.8,0.421800049238,4.6,8.04653877941,82.2377499003,6.2,46.2753787008,14.2380804992,MS,0.06811723275,0.034478689246,60.5134592
ERS477979,0.0419,17.321979,0.31,190.8,0.75,0.0659107491687,1.7739508972,5.0,35.0,0.746795565514,6.7,4.85038371697,144.4769051,8.2,25.4386924278,11.579847744,MS,0.0621958837637,0.128254339997,37.0185401718
ERS477998,0.0599,15.194062,0.41,144.6,0.93,0.215173189666,8.20194423044,55.0,35.1,0.623224675005,10.9,12.1065308571,136.477391392,10.7,80.0403869664,18.3708891369,MS,0.0567958181206,0.490978025448,98.4112761032
ERS478007,0.0599,15.194062,0.0,1.3,2.8,9.95904885626,26.8408895495,55.0,34.8,0.00444099307606,34.6,0.0844397967319,0.0653546162953,38.1,0.0745567891513,0.0425413984292,MS,0.00146531486707,0.000258076358169,0.117098187581
ERS478017,0.01585,20.460612,0.1,179.9,0.59,0.0946148511129,3.60400138338,5.0,36.1,0.29657567042,2.3,1.10435070421,136.134956305,2.8,18.9220013943,3.18432180279,MS,0.0721578561813,0.00974657775244,22.1063231971
ERS478040,0.042495,18.979535,0.01,199.2,2.15,0.499836973546,11.4858157953,70.0,34.3,0.484329504062,29.2,2.19377301219,161.03103108,31.46,159.79982241,11.3861223979,MS,0.198228625318,0.0159535401157,171.185944808
ERS478052,0.042495,18.979535,0.01,202.2,0.14,6.96266096641,31.9920057208,70.0,36.5,0.0384476854515,-0.9,0.0633945102081,0.160337484938,0.03,0.0815930407458,0.0506903656881,MS,0.0164297832124,0.000707070140039,0.132283406434
ERS487899,0.078,20.5251,0.03,0.7,2.68,0.186356008429,68.3593556114,5.0,34.8,0.427241948668,21.1,11.6037936175,146.304834725,23.9,203.013390992,11.4909240234,NAO,0.061065212543,0.010137726331,214.504315016
ERS487936,0.090621,20.408907,0.16,216.8,0.78,0.190542377725,55.0937624794,40.0,35.5,0.269803432569,1.5,9.53982521573,153.740193875,5.7,128.794275098,5.85350032813,NAO,0.0991522891134,0.419951804673,134.647775426
ERS488119,-0.0247,23.8526,0.32,206.0,1.0,0.135318903234,24.6457982065,5.0,34.7,0.670155242004,11.7,3.74460341131,152.631353646,12.6,88.3707823549,33.1077217027,MS,0.150631140009,0.0109338554994,121.478504058
ERS488147,0.434367,16.151933,0.01,4.4,2.85,0.756095911181,87.5188360125,55.0,34.7,0.318045397506,40.0,26.5508267345,185.649409289,39.2,70.660145325,1.68112671887,MS,0.101046766629,2.9096524261,72.3412720438
ERS488330,0.048898,21.4395,0.02,2.5,2.58,1.64010287494,58.0813470309,5.0,34.8,0.225641020473,33.9,25.4853333538,113.353288422,35.3,224.906637658,1.30082929181,MS,0.0684051064615,0.176432682067,226.20746695
ERS488340,0.048898,21.4395,0.04,198.6,0.27,3.30907730692,68.9722737207,5.0,33.4,0.147975390729,1.2,0.142959384555,0.475725048513,0.9,0.147304380968,0.13644747952,MS,0.0375780525358,0.0023270767599,0.283751860489
ERS488346,0.132494,18.36839,0.11,203.1,0.5,1.41438349987,69.476288555,60.0,34.3,0.243493604739,3.9,34.5679253479,98.6460786925,4.6,272.621989973,1.68009947182,MS,0.0684005064572,0.0163759018617,274.302089445
ERS488354,0.132494,18.36839,0.11,203.1,0.5,22.4766368809,185.410588052,60.0,34.3,0.0104736410058,3.9,0.87711722965,0.436702529928,4.6,0.485777682244,0.0437001122967,MS,0.00080101044296,0.000356348707846,0.52947779454
ERS488448,0.180911,17.041483,0.04,198.6,0.27,40.9850527452,32.3283880338,5.0,33.4,0.12723015926,1.2,0.14182901884,0.326294833412,0.9,0.122966813253,0.23399448096,MS,0.0176819202671,0.00137297336006,0.356961294213
ERS488486,0.121845,18.342533,0.04,208.9,0.5,0.139165516439,2.80779315518,5.0,36.0,0.591558147837,2.6,0.796054205815,123.097531407,2.68,44.748839064,49.0199034444,MS,0.0686509614964,0.0159040352186,93.7687425084
ERS488499,0.121845,18.342533,0.0,207.1,0.11,7.76476672392,9.85077254192,5.0,35.9,0.142411201801,0.5,0.06149266454,0.135296223015,0.02,0.0736366329722,0.118492982176,MS,0.0140477392492,0.000824009826771,0.192129615149
ERS488509,0.201016,15.161277,0.2,211.5,0.44,0.928820158633,62.7939243839,50.0,35.7,0.238313627652,1.4,9.06454568831,90.3677930924,0.93,276.404767243,6.53002522235,MS,0.0579908398494,1.65531746479,282.934792465
ERS488518,0.201016,15.161277,0.01,3.2,2.73,8.58926558158,43.2095023233,50.0,34.7,0.0989026331701,30.4,0.496093987871,0.0971986306091,34.61,0.170781981759,0.0657576779171,MS,0.0357612044901,0.00191990342851,0.236539659676
ERS488545,0.048898,25.0621,0.1,179.9,0.59,1.38840513413,104.942437919,5.0,36.1,0.235965284398,2.3,95.5048137434,91.1285945951,2.8,405.853578355,13.1990622397,RS,0.0648409484019,0.0168612865046,419.052640595
ERS488558,0.048898,25.0621,0.1,179.9,0.59,24.8782749467,193.729840043,5.0,36.1,0.227454073984,2.3,0.890366474277,1.52453310805,2.8,0.917314954961,0.25424990112,RS,0.0656441757937,0.00343664285494,1.17156485608
ERS488569,0.0,25.824383,0.02,38.1,2.43,1.14634755867,345.415926894,5.0,34.6,0.203443875963,42.5,122.378336012,158.616768524,34.63,603.249956088,9.04291567243,RS,0.0673177985613,0.0166035248178,612.29287176
ERS488589,0.0,25.824383,0.02,38.1,2.43,15.713392809,176.399361478,5.0,34.6,0.00322043096423,42.5,0.424651137196,0.218157851348,34.63,0.427092572144,0.0705705311722,RS,0.000643072837636,0.000136001650973,0.497663103316
ERS488599,0.224444,26.050367,0.1,179.9,0.59,1.52037388734,17.4439556625,80.0,36.1,0.179121927986,2.3,69.8790656823,58.8793606937,2.8,47.8747937519,2.19789532285,RS,0.119266405838,0.972976725611,50.0726890748
ERS488613,0.224444,26.050367,0.02,38.1,2.43,1.42683295102,5.81598688793,80.0,34.6,0.191600300818,42.5,0.102112452062,0.594670563668,34.63,0.125237936188,0.212201561517,RS,0.742894517299,0.0141092747213,0.337439497705
ERS488621,0.163228,27.329517,0.02,38.1,2.43,1.00811785838,58.5662986352,5.0,34.6,0.246435013596,42.5,67.7874902193,207.132055346,34.63,137.798257344,83.3616174202,RS,0.0817367989371,0.09038245002,221.159874764
ERS488649,0.186697,27.59865,0.12,186.2,0.57,1.52670628926,72.6398495489,5.0,35.4,0.231765901734,4.0,111.377752266,197.058208269,5.46,79.1431388787,48.1262971943,RS,0.0823931883151,0.123137589121,127.269436073
ERS488658,0.186697,27.59865,0.12,186.2,0.57,21.0916112845,266.210401956,5.0,35.4,0.00931441437678,4.0,4.66949634144,7.47915436925,5.46,1.73053899059,1.3577221173,RS,0.00646529728175,0.00594890951095,3.08826110789
ERS488673,0.186697,27.59865,0.14,189.8,0.53,51.8828746447,496.083899386,5.0,35.4,0.0741134568308,3.9,0.383050800285,0.407323114271,4.9,0.271108971333,0.65922576821,RS,0.0191567936075,0.00115519453028,0.930334739543
ERS488685,0.181406,27.589917,0.12,186.2,0.57,0.894479305107,12.2659727209,60.0,35.4,0.117069786614,4.0,12.4689474897,36.6943327924,5.46,12.8612836936,0.667509725946,RS,0.102319792789,1.53403472629,13.5287934195
ERS488701,0.181406,27.589917,0.12,186.2,0.57,21.6662814273,71.9508227385,60.0,35.4,0.00451729732442,4.0,0.320445858303,0.0945674909929,5.46,0.130309600582,0.0344469928811,RS,0.000779291124343,0.00115438467638,0.164756593463
ERS488714,0.129697,25.581433,1.47,161.3,0.66,3.55098194758,149.821205131,5.0,35.9,0.331666998021,5.0,17.5615583453,236.369506307,5.43,6.56927580394,43.0891969427,IO,0.0584907588821,0.0079231135426,49.6584727466
ERS488722,0.129697,25.581433,1.47,161.3,0.66,26.904177148,232.595369124,5.0,35.9,0.00382002152591,5.0,1.3327198345,6.09213486301,5.43,0.191965444836,1.08744904228,IO,0.0057597850559,0.000592506154751,1.27941448712
ERS488737,0.129697,25.581433,1.47,161.3,0.66,21.9595348617,376.228526499,5.0,35.9,0.0176381467494,5.0,0.215307961847,0.0522348838385,5.43,0.160356199346,0.590829331897,IO,0.00716650013397,0.000431157639596,0.751185531242
ERS488747,0.353707,25.37395,0.14,189.8,0.53,4.35449803216,94.23454186,17.0,35.4,0.26907058707,3.9,26.7166014801,245.023776553,4.9,5.81986992433,48.8584621214,IO,0.0754323800007,0.0242828380595,54.6783320457
ERS488757,0.353707,25.37395,0.14,189.8,0.53,16.3231146305,348.862918736,17.0,35.4,0.00129775963888,3.9,0.202021205476,0.0338007580835,4.9,0.137498062446,0.534768664361,IO,0.000295608039493,3.14764308696e-05,0.672266726806
ERS488769,0.005649,12.066048,0.16,190.7,0.63,0.0322093907802,0.156079098347,600.0,35.4,0.131492535328,5.1,1.8684219955,7.96816592929,6.18,0.168850073777,0.176557374454,IO,0.112882655235,0.350014524858,0.345407448231
ERS488773,0.005649,12.066048,1.47,161.3,0.66,3.07519827052,11.3164536704,600.0,35.9,0.100609047778,5.0,1.09480606803,4.59039318536,5.43,0.103510799697,0.598760044393,IO,0.158754249856,0.887489080811,0.70227084409
ERS488799,0.161808,26.2314,0.35,175.9,0.49,5.92954777344,123.606747298,5.0,35.8,0.197759988521,4.5,40.9926323553,187.403096611,1.21,139.755406794,47.8260261085,IO,0.0706734900883,0.0108311657429,187.581432902
ERS488803,0.161808,26.2314,0.35,175.9,0.49,26.4234768004,243.715926113,5.0,35.8,0.0051292847042,4.5,1.27931421095,0.794898305391,1.21,0.790598159517,0.472601454206,IO,0.00524115625889,0.000657664157941,1.26319961372
ERS488813,0.161808,26.2314,0.35,175.9,0.49,65.0224500907,362.298352035,5.0,35.8,0.0238525391247,4.5,0.203020676082,0.813872972772,1.21,0.252197774193,0.460995719083,IO,0.00856931415336,0.000597429510795,0.713193493275
ERS488830,0.604752,25.494408,0.16,190.7,0.63,8.3429329149,123.848199524,25.0,35.4,0.12710873504,5.1,33.7012905116,173.948195473,6.18,113.20295546,62.5149462096,IO,0.0638234889087,0.125180747335,175.71790167
ERS488836,0.604752,25.494408,0.16,190.7,0.63,121.426138179,272.484881939,25.0,35.4,0.0235595432964,5.1,0.214118836589,0.262994287686,6.18,0.181008441201,0.46567996627,IO,0.0104185289439,0.000341486159943,0.646688407472
ERS488849,0.014107,14.987618,0.35,175.9,0.49,0.0116519028542,0.207668905213,340.0,35.8,0.172002467449,4.5,1.22705836132,18.2876670627,1.21,0.299742764313,0.155981067644,IO,0.119072644144,0.176955565225,0.455723831957
ERS488853,0.014107,14.987618,0.16,190.7,0.63,0.928359993343,3.6308781251,340.0,35.4,0.0849731610713,5.1,0.281053385174,0.641052653545,6.18,0.116711700638,0.239622323675,IO,0.0519248903759,0.0187966877826,0.356334024313
ERS488879,0.099089,26.81765,0.06,160.5,0.56,26.0558286985,189.44662676,5.0,36.3,0.0178549922736,3.7,0.938613565664,0.704281340986,3.15,0.656200326634,0.6694160359,IO,0.0129053797922,0.000813258823696,1.32561636253
ERS488892,0.099089,26.81765,0.06,160.5,0.56,94.1356628012,238.104273329,5.0,36.3,0.0387846566897,3.7,0.125021447372,0.234265157355,3.15,0.181299349611,0.419176564417,IO,0.0100683922463,0.000859601026221,0.600475914029
ERS488916,0.17638,26.812225,0.19,187.3,0.56,5.07942540081,124.115550801,25.0,35.4,0.107294183388,5.0,22.5370147462,58.4508767742,3.73,83.2354408434,24.0935703569,IO,0.0287910331223,0.00376392280606,107.3290112
ERS488929,0.17638,26.812225,0.19,187.3,0.56,110.235696853,314.451492243,25.0,35.4,0.0204459825017,5.0,0.268504747387,0.186739234218,3.73,0.215735213849,0.41351915067,IO,0.00392741440102,0.000174721843012,0.629254364519
ERS488936,0.006724,15.614195,0.19,187.3,0.56,0.013272446432,0.113941421554,270.0,35.4,0.162886092783,5.0,0.467604297612,12.7177785663,3.73,0.292038082701,0.149479784637,IO,0.115446826326,0.0675368813423,0.441517867337
ERS488945,0.006724,15.614195,0.19,187.3,0.56,0.636875260439,2.07123380113,270.0,35.4,0.0310836078836,5.0,0.176832263055,1.47103290423,3.73,0.210118512309,0.101654338234,IO,0.0432340404331,0.0222819501637,0.311772850542
ERS489043,0.020173,29.089367,0.27,179.9,0.54,2.73864725558,76.9914274597,5.0,35.1,0.225501556058,2.5,30.9364181416,118.690823064,5.08,362.98985291,7.11235128011,IO,0.0554610097757,0.00580245630578,370.10220419
ERS489047,0.020173,29.089367,0.28,177.0,0.55,9.71342128845,101.903921791,5.0,35.1,0.0663622540279,4.4,0.868073661866,0.435011431422,5.26,1.5165817576,0.138913134574,IO,0.0587806534999,0.00226539679389,1.65549489218
ERS489053,0.020173,29.089367,,,,,,5.0,,,,,,,,,IO,,,
ERS489059,0.020173,29.089367,0.02,225.5,0.13,25.42678024,116.289781036,5.0,34.4,0.0407016621122,0.7,0.554338776815,0.0716657699161,0.05,0.528342052377,0.0707669939286,IO,0.00902637401423,0.000459750067873,0.599109046305
ERS489074,0.47554,27.117663,0.06,160.5,0.56,7.61184252151,164.453819669,60.0,36.3,0.116362108205,3.7,60.9917669629,102.033089583,3.15,51.4971898197,0.519993591446,IO,0.0685941122742,0.149749585055,52.0171834112
ERS489084,0.47554,27.117663,0.06,160.5,0.56,121.270876555,920.066502371,60.0,36.3,0.0887999243084,3.7,0.404975169869,0.211261174047,3.15,0.814016811058,0.328919385212,IO,0.045509886361,0.00204912640204,1.14293619627
ERS489087,0.006724,29.980283,0.08,227.7,0.46,0.949026326354,107.391867327,5.0,33.2,0.206856820096,4.8,65.1074846399,119.49115874,1.3,267.40671423,1.42191968083,IO,0.0687447437899,0.0111404122414,268.828633911
ERS489113,0.006724,29.980283,0.0,8.6,3.29,64.5083251049,160.677288026,5.0,34.3,0.0944337499653,44.1,0.780578605344,0.153695023482,44.24,0.655539403784,0.098274540831,IO,0.0308612963697,0.00162833513114,0.753813944615
ERS489134,0.388348,27.723425,0.0,138.7,1.22,3.83765009925,227.119933642,80.0,34.0,0.104998809425,29.1,32.9950486433,110.949955789,17.49,68.8641513376,0.2541479564,IO,0.0638073130258,0.113574606013,69.118299294
ERS489142,0.388348,27.723425,,,,,,80.0,,,,,,,,,IO,,,
ERS489148,0.388348,27.723425,0.0,197.7,0.01,37.0164184342,215.220186749,80.0,35.2,0.00926195851111,-1.0,1.1072193833,0.0222043549534,0.01,0.460291738467,0.0477248616413,IO,0.00313117014988,0.000303525295691,0.508016600108
ERS489236,0.026898,30.496383,0.0,224.4,0.29,0.161258805774,51.3393460012,5.0,33.1,0.23160659146,-0.7,22.6924351217,113.322473416,0.02,552.89865821,4.61896453791,IO,0.0576639395422,0.00546996794004,557.517622748
ERS489285,0.121909,30.12565,0.31,95.4,0.88,81.2534499788,72.923095294,5.0,34.4,0.043399878069,11.0,0.245350572216,0.103304588721,6.05,0.227980678985,0.109007180374,IO,0.01639515992,0.00101584265145,0.336987859359
ERS489315,0.0,29.818233,0.07,195.1,0.46,0.131709873051,23.0963158662,5.0,33.9,0.262428368999,3.2,58.3349891304,90.4900257082,2.44,512.939545036,0.496874679463,IO,0.0614163893673,0.00633550556441,513.436419715
ERS489324,0.0,29.818233,0.01,0.6,2.95,6.20955674778,123.503302306,5.0,34.6,0.0209367862988,35.7,3.81038569954,0.558938086295,34.55,9.58844787677,0.0409092335032,IO,0.0230120358203,0.000697768723599,9.62935711027
ERS489506,0.266374,24.866483,,,,,,80.0,,,,,,,,,IO,,,
ERS489529,0.176565,27.8684,0.0,196.9,0.16,0.782521778061,52.3830653633,5.0,33.4,0.213384233124,-1.2,59.9755167527,72.2305898439,0.0,78.1071534017,1.24038735461,IO,0.0731802640518,0.00599536111639,79.3475407563
ERS489585,0.394226,24.89426,0.83,77.0,1.11,3.33226887118,60.8609961209,75.0,34.6,0.175602759711,22.1,57.3983216305,112.923093292,12.9,167.191693916,0.730100633426,IO,0.0768061369133,0.00739697584146,167.92179455
ERS489603,0.394226,24.89426,0.01,0.8,3.16,20.1029890933,193.31473833,75.0,34.6,0.00165617352308,36.9,0.583189775456,0.0110222724109,36.22,0.338923442118,0.0213047321471,IO,0.000493364231228,2.61481086715e-05,0.360228174265
ERS489712,0.04282,27.323117,0.0,195.5,0.01,0.323081409638,60.206881871,5.0,34.3,0.0898415490076,-1.7,50.7670839127,55.8434243774,0.0,164.102498539,1.25892259031,IO,0.0337932361987,0.00783184932747,165.361421129
ERS489724,0.04282,27.323117,,,,22.7600487477,161.07870024,5.0,,0.0273197410329,,0.535414952391,0.199263063512,,0.363465757092,0.0312536107383,IO,0.00963637198398,0.000726995491827,0.39471936783
ERS489727,0.0,6.2402,0.0,205.3,0.08,0.0771271282557,14.2501483218,1000.0,28.9,0.0785176773969,-3.8,8.52389187416,13.1493352019,0.0,31.0526108965,0.508671002801,IO,0.060274038658,0.714422877073,31.5612818993
ERS489729,0.0,6.2402,,,,0.478323127788,1.89845816601,1000.0,,0.127901237497,,0.0644681432635,0.156284764656,,0.0483020723216,0.103457081495,IO,0.0464481693179,0.0121980455564,0.151759153817
ERS489733,0.085544,26.965433,0.02,193.0,0.02,0.383512690561,40.6541324343,5.0,36.2,0.0937942114737,0.4,41.3893537788,60.8630945618,0.06,108.903961805,33.5522510304,IO,0.0438776578427,0.0405830143698,142.456212835
ERS489846,0.032278,26.34018,0.0,108.2,1.22,0.436214604326,64.1327786922,66.0,35.2,0.0883448061822,31.9,39.8141599451,70.097229901,20.25,126.633350058,4.04000504084,IO,0.0327219712622,0.00755177670661,130.673355099
ERS489877,0.089746,25.080167,0.02,194.3,0.0,0.616211401443,75.4857535666,5.0,36.2,0.0964271215064,-2.2,58.391612041,67.3720711406,0.05,117.440581496,7.27482694909,IO,0.0348541763918,0.0146223011971,124.715408445
ERS489904,0.089746,25.080167,,,,26.0780153193,180.979081068,5.0,,0.00846422741863,,0.549535034839,0.0449653214174,,0.415148396135,0.0283897993766,IO,0.00233455014263,0.00025202615064,0.443538195512
ERS489917,0.162993,22.165567,0.03,191.8,0.18,1.32950739578,79.3530342404,5.0,36.6,0.213527849564,4.0,139.268663541,188.102391023,4.13,509.775428548,21.6497808108,IO,0.0841744087883,0.0753751358699,531.425209359
ERS489943,0.162993,22.165567,0.09,212.6,0.0,26.805229481,97.8696980021,5.0,36.6,0.0540897334609,,0.46185181182,0.0670661659684,0.15,0.374887749159,0.0696588876764,IO,0.018873484146,0.00118291577383,0.444546636835
ERS489987,0.0,7.6502,0.22,214.4,0.02,0.0478652262726,0.63213061252,1000.0,36.5,0.135689451517,0.9,10.5521545358,16.3073508404,0.74,1.90273566401,0.656490579691,IO,0.12427722678,1.67490404162,2.5592262437
ERS489996,0.0,7.6502,,,,0.89350993162,0.721355053833,1000.0,,0.0838697782438,,0.0918869137922,0.104362029991,,0.0398229040667,0.273092747125,IO,0.0341467807358,0.0536799504264,0.312915651192
ERS490002,0.214573,22.250309,0.11,233.9,0.35,1.62236528735,75.8893048354,65.0,35.2,0.359899662188,3.5,219.086263548,102.382501854,4.38,179.273097919,49.9110838365,IO,0.191492989514,0.182770903398,229.184181755
ERS490010,0.214573,22.250309,0.01,230.2,1.47,16.4788005871,151.563388028,65.0,35.0,0.00274628367729,19.9,6.0018269184,0.48412028904,21.5,3.59594854089,0.0745939500047,IO,0.00848832263301,0.00247230453855,3.67054249089
ERS490021,0.214573,22.250309,,,,,,65.0,,,,,,,,,IO,,,
ERS490026,0.214573,22.250309,0.0,138.1,1.31,24.0167534267,127.34278169,65.0,35.4,0.0038675976901,21.8,0.307520683464,0.0136947105292,20.03,0.246174150203,0.0181520970833,IO,0.00165496138659,0.000218937957367,0.264326247286
ERS490029,0.215292,21.81684,0.02,232.1,0.01,1.59301435423,38.9685831851,5.0,36.2,0.153049801554,0.3,72.6042300976,160.966083667,0.02,38.0718817492,16.9163299078,IO,0.0717150003133,0.165998032195,54.988211657
ERS490035,0.215292,21.81684,0.01,228.5,0.01,20.6129693326,154.449843267,5.0,36.2,0.00260109511836,1.6,4.51304229378,3.05950049421,0.05,0.747142945044,0.262262754121,IO,0.00324702891285,0.0027892395984,1.00940569916
ERS490045,0.215292,21.81684,,,,,,5.0,,,,,,,,,IO,,,
ERS490053,0.215292,21.81684,0.01,175.3,1.12,92.0869236681,179.164697464,5.0,35.5,0.0679882125166,18.2,0.344125694141,0.260452310802,18.03,0.291585163142,0.13577501273,IO,0.0210888071568,0.00134879240257,0.427360175872
ERS490065,0.0,8.4127,0.04,228.4,0.01,0.17188134723,1.47617765182,850.0,36.3,0.134253087574,-0.3,12.2777377471,16.589187754,0.17,0.789939688932,0.655208119528,IO,0.128145370618,1.66771850362,1.44514780846
ERS490085,0.272648,21.81495,0.25,220.2,0.06,1.84810614667,26.3115514689,30.0,36.4,0.301717643421,-1.2,116.476726821,204.067022087,0.68,32.9295080605,59.8155611098,IO,0.172335208552,0.350345311868,92.7450691703
ERS490089,0.272648,21.81495,0.01,155.2,1.36,22.2740742387,146.83995061,30.0,35.4,0.0050559083847,21.3,6.91153969742,3.7192907794,21.11,1.18479251975,0.948987523471,IO,0.00749930285646,0.00406554210406,2.13378004322
ERS490120,0.272648,21.81495,0.04,230.1,0.0,79.8108360049,155.045304527,30.0,36.2,0.0595166041904,1.2,0.341748712768,0.181657562291,0.17,0.292289047308,0.143019992212,IO,0.0218785660843,0.00112344148458,0.43530903952
ERS490124,0.250054,15.033492,0.03,237.9,0.01,2.48870655161,9.22256033553,5.0,37.9,0.246431842059,,23.037261903,315.424701244,0.02,21.9045145542,2.21125745319,SAO,0.0881645240718,1.75001440604,24.1157720074
ERS490142,0.250054,15.033492,0.03,237.9,0.01,37.3751128863,16.2594619012,5.0,37.9,0.0591285763431,,0.156874561162,0.0948373508886,0.02,0.092901664888,0.0758723131189,SAO,0.0228074708369,0.00181339126305,0.168773978007
ERS490163,0.424363,15.01895,0.31,243.1,0.16,1.59926387899,5.51383080969,30.0,36.0,0.167813256862,3.0,14.8257359644,202.424639061,2.16,19.1177575727,2.29004407917,SAO,0.0535054196087,1.3082303052,21.4078016519
ERS490180,0.424363,15.01895,0.32,239.4,0.17,29.9716094956,27.1010499373,30.0,36.0,0.0537340636505,3.8,0.353692720316,0.13620029897,2.26,0.119488802419,0.0606265196054,SAO,0.0213718781055,0.00074629716569,0.180115322024
ERS490183,1.551493,12.83445,0.02,207.8,0.03,1.14095522376,3.77611777234,5.0,37.9,0.548349880617,,3.08048872521,110.901267165,0.12,0.292202417252,7.44337384361,SAO,0.0328451083611,0.902186747304,7.73557626086
ERS490192,1.551493,12.83445,0.02,207.8,0.03,0.153806107256,1.39241255407,5.0,37.9,0.171728612262,,1.54144437898,204.809494105,0.12,0.0914172640804,0.481116172447,SAO,0.0291002984854,0.826976862957,0.572533436528
ERS490193,1.551493,12.83445,0.07,220.9,0.02,0.476720885781,2.35914448621,5.0,37.8,0.26978253329,,0.559005507487,34.567843811,0.21,0.142078363161,3.33084256252,SAO,0.0377051052142,0.497088749009,3.47292092568
ERS490201,1.551493,12.83445,,,,,,5.0,,,,,,,,,SAO,,,
ERS490204,1.551493,12.83445,0.01,224.3,0.01,18.681801019,14.0020155076,5.0,38.4,0.0398453317178,,0.501628237524,0.110716422311,0.05,0.0651861234702,0.138390351072,SAO,0.0114224541583,0.0026384027055,0.203576474542
ERS490230,0.011208,7.026748,0.0,218.0,0.01,0.0719969498219,0.123712130435,700.0,38.2,0.137223450337,,25.6342264777,23.9195297693,0.03,0.391659270004,0.205308932683,SAO,0.129955948079,3.14187738447,0.596968202687
ERS490238,0.011208,7.026748,0.0,218.0,0.01,0.0577687725817,0.0967274265881,700.0,38.2,0.0691777133955,,18.7530330028,7.37899397322,0.03,1.39270036067,0.0874617135001,SAO,0.0625964086103,0.677443654934,1.48016207417
ERS490265,0.201517,16.832058,0.01,218.1,0.0,1.78927118345,34.3083862498,5.0,39.3,0.184803365665,0.3,12.5523605386,110.925731393,0.02,316.72465584,14.3668024435,SAO,0.0831755661283,0.608126979599,331.091458283
ERS490272,0.201517,16.832058,0.01,218.1,0.0,0.31701342537,6.57757180263,5.0,39.3,0.0748931233916,0.3,8.54761165638,101.9774913,0.02,40.6572110588,0.0523520963444,SAO,0.0367950134437,0.619260699943,40.7095631552
ERS490273,0.201517,16.832058,0.0,207.6,0.0,0.497720072985,13.8220918086,5.0,39.4,0.0866418499299,-0.7,16.1150147439,32.0745317737,0.05,190.340180807,3.39506168453,SAO,0.0603978225106,0.190205655265,193.735242491
ERS490285,0.201517,16.832058,0.01,188.8,0.02,24.1554446499,30.9708349836,5.0,40.0,0.0693951219727,-0.1,0.315880387121,0.0872214405265,0.03,0.152295409678,0.0609384329407,SAO,0.0376165736111,0.00172886816929,0.213233842619
ERS490296,0.42458,16.787411,0.01,224.3,0.01,1.67999450014,33.5814558556,50.0,38.4,0.16967054768,,18.467242318,103.716504936,0.05,339.758174692,17.789588749,SAO,0.081338635847,0.657329790748,357.547763441
ERS490303,0.42458,16.787411,0.01,220.0,0.01,0.469356901283,7.54547451839,50.0,38.2,0.147456439667,,17.3639599235,82.5550408266,0.04,8.32222541886,0.812269622662,SAO,0.114165431768,0.977028491195,9.13449504152
ERS490304,0.42458,16.787411,0.07,229.5,0.07,0.652185475483,11.6749777595,50.0,38.5,0.0915678936728,,19.3990571785,41.323454425,0.15,158.083702745,8.64867758204,SAO,0.0566477730882,0.28078625654,166.732380327
ERS490314,0.42458,16.787411,,,,,,50.0,,,,,,,,,SAO,,,
ERS490320,0.42458,16.787411,0.07,229.5,0.07,31.2354533569,27.6810879024,50.0,38.5,0.00534141911894,,0.192086462728,0.0326863356828,0.15,0.0917195817775,0.0123930156166,SAO,0.00157740608111,0.000138919361958,0.104112597394
ERS490327,0.324315,19.776808,0.01,188.4,0.02,2.15920741164,6.83316609482,5.0,39.7,0.12137255641,-0.5,41.9329938344,38.8578676577,0.0,76.0440897417,0.888284276491,SAO,0.0574914034813,0.0185680440112,76.9323740182
ERS490336,0.324315,19.776808,0.0,182.8,0.05,1.27803943118,7.92915196471,5.0,38.9,0.106604695646,0.0,29.4838908448,107.960297544,0.0,8.34322844118,0.0739912809762,SAO,0.0489053801838,0.0513346720257,8.41721972216
ERS490337,0.324315,19.776808,0.27,175.4,0.09,2.02553976341,14.6102318746,5.0,38.9,0.139090675857,0.1,37.7937486255,47.3553990402,0.64,77.5804201155,0.826141755156,SAO,0.0615431196048,0.0290471448294,78.4065618707
ERS490343,0.324315,19.776808,,,,,,5.0,,,,,,,,,SAO,,,
ERS490346,0.324315,19.776808,0.27,175.4,0.09,95.7824733794,53.7135721877,5.0,38.9,0.0374621780645,0.1,0.255093647681,0.152798801435,0.64,0.161631015183,0.0414016739935,SAO,0.0767419168467,0.000849490865509,0.203032689176
ERS490373,0.003811,4.216697,0.01,188.8,0.02,0.0339540028615,0.167496651222,800.0,40.0,0.19885283029,-0.1,6.09157251293,10.3023730316,0.03,0.778472468289,0.233317767994,SAO,0.215320267086,1.07218001906,1.01179023628
ERS490380,0.003811,4.216697,0.01,180.0,0.03,0.174172877074,1.2629549526,800.0,40.2,0.174382743943,1.2,6.29887077693,18.4064524008,0.01,0.767239969426,0.205038928134,SAO,0.205692593169,2.90418310245,0.97227889756
ERS490382,0.003811,4.216697,0.01,180.0,0.03,0.0665811794397,0.239711586979,800.0,40.2,0.105368510568,1.2,3.0017481944,5.23010294833,0.01,1.29057446785,0.114009471942,SAO,0.0849209937192,0.343946098262,1.40458393979
ERS490387,0.003811,4.216697,,,,,,800.0,,,,,,,,,SAO,,,
ERS490388,0.003811,4.216697,0.01,188.4,0.02,0.713798707045,0.612824330072,800.0,39.7,0.391616133035,-0.5,0.0780638120633,0.213738183894,0.0,0.0599243011777,0.170645606192,SAO,0.142286037902,0.00789369279332,0.230569907369
ERS490433,0.050608,25.02619,0.51,211.6,0.51,8.18787821461,166.673294706,5.0,36.5,0.129248499114,0.4,59.5859889639,57.165617651,2.08,211.351449691,0.658248493899,SAO,0.0529725502886,0.00598045970642,212.009698185
ERS490448,0.050608,25.02619,,,,,,5.0,,,,,,,,,SAO,,,
ERS490452,0.050608,25.02619,0.05,210.9,0.37,36.0418620312,105.272819395,5.0,36.5,0.0363538690332,,0.473326046398,0.0473370759913,0.13,0.354740104654,0.0417540000483,SAO,0.0126892411428,0.000836734821748,0.396494104702
ERS490476,0.263939,24.112672,0.02,184.1,0.19,0.420128794894,84.548770411,100.0,38.6,0.159931530083,-0.9,15.2581851715,87.5337941552,0.03,69.6222549703,0.211725235443,SAO,0.0703227383963,0.0759352389813,69.8339802058
ERS490490,0.263939,24.112672,,,,,,100.0,,,,,,,,,SAO,,,
ERS490494,0.263939,24.112672,0.02,184.1,0.19,19.1449595244,466.40243015,100.0,38.6,0.00102693756196,-0.9,0.837231782649,0.0073139090615,0.03,0.314842311903,0.0602516954682,SAO,3.30696694163e-05,4.98155871207e-05,0.375094007371
ERS490507,0.0,4.673875,0.02,184.1,0.19,2.11993899501,80.4173338338,800.0,38.6,0.138246573732,-0.9,31.7168546602,38.7889170561,0.03,151.879705713,0.343479999797,SAO,0.140134589294,0.559750056677,152.223185713
ERS490521,0.0,4.673875,,,,,,800.0,,,,,,,,,SAO,,,
ERS490522,0.0,4.673875,0.51,211.6,0.51,6.95284266644,35.5995851502,800.0,36.5,0.0419837860295,0.4,0.0703950198487,0.113119897897,2.08,0.138399561216,0.032589494029,SAO,0.0110405144797,0.000408369005053,0.170989055245
ERS490542,0.033622,23.349542,0.69,2.4,2.64,0.506213533188,32.9154070511,5.0,36.0,0.147890135202,22.4,15.9573312796,35.9640101567,23.43,135.250946182,3.32274752756,SAO,0.0513906688268,0.00595776100624,138.573693709
ERS490547,0.033622,23.349542,0.69,2.4,2.64,0.536290952429,25.4971481478,5.0,36.0,0.0930577448985,22.4,12.1509870334,77.7316626327,23.43,93.3371581433,0.551382747168,SAO,0.0357397357437,0.00651091311635,93.8885408905
ERS490548,0.033622,23.349542,0.01,199.9,0.32,0.327101891144,34.2381824624,5.0,36.6,0.133341015147,0.9,14.6086405075,30.5515545033,0.06,250.152147289,3.60072055321,SAO,0.0364201182659,0.00502382807314,253.752867842
ERS490553,0.033622,23.349542,,,,,,5.0,,,,,,,,,SAO,,,
ERS490557,0.033622,23.349542,0.01,199.9,0.32,9.22721132842,44.1271256327,5.0,36.6,0.0697533671521,0.9,0.304316727225,0.089736347248,0.06,0.207541002941,0.0694834686709,SAO,0.0286946062942,0.00140017711386,0.277024471612
ERS490597,0.150865,21.643283,0.05,210.9,0.37,1.01721502173,44.6430901877,150.0,36.5,0.0835490657883,,31.5145318146,17.0726977846,0.13,52.8023439887,0.917323720762,SAO,0.0686767461678,0.0820636577039,53.7196677095
ERS490602,0.150865,21.643283,0.05,210.9,0.37,0.499321691107,16.9036399044,150.0,36.5,0.110736853135,,16.7666630442,65.3446808919,0.13,27.8756585917,0.378401654354,SAO,0.0652760945633,1.02624416505,28.2540602461
ERS490603,0.150865,21.643283,0.07,1.6,2.91,0.2970608155,7.64156671089,150.0,35.7,0.0799588044682,31.8,30.0746909652,17.7200608384,30.52,101.284610259,0.415695637443,SAO,0.0505374879773,0.169421550316,101.700305896
ERS490607,0.150865,21.643283,,,,,,150.0,,,,,,,,,SAO,,,
ERS490610,0.150865,21.643283,0.07,1.6,2.91,12.9717219584,51.7239842516,150.0,35.7,0.0659470094596,31.8,0.295488038179,0.0925949060405,30.52,0.209078144586,0.0636056391154,SAO,0.0220748771111,0.000912913678933,0.272683783701
ERS490633,0.0,4.749588,0.7,154.7,0.42,0.048094522417,0.267852596802,800.0,,0.1384660135,1.2,7.6655907927,11.0546321837,1.86,1.14922731596,0.171214326773,SAO,0.121267150641,1.51576460649,1.32044164273
ERS490643,0.0,4.749588,0.7,154.7,0.42,0.0116520555342,0.0903334737216,800.0,,0.123758271403,1.2,2.82985322228,4.11436516559,1.86,0.43986122411,0.1219236295,SAO,0.0836394857078,0.324754603248,0.56178485361
ERS490659,0.053173,19.854083,0.01,193.4,0.23,0.71657808956,47.5214036007,5.0,36.3,0.216034565541,-1.4,6.02247595883,97.3456392577,0.03,243.699602449,10.5332359201,SAO,0.0414941025498,0.0103626097344,254.232838369
ERS490664,0.053173,19.854083,0.01,193.4,0.23,1.17157104128,30.9987757684,5.0,36.3,0.123812701692,-1.4,6.00388826984,117.9860622,0.03,68.342501956,0.119927240703,SAO,0.0393021759404,0.00988903679645,68.4624291967
ERS490665,0.053173,19.854083,,,,0.133365576263,22.8717081459,5.0,36.6,0.186475399779,,10.0369672026,25.1654684284,,313.288402954,12.0528239113,SAO,0.0431817684703,0.00479059282728,325.341226866
ERS490676,0.053173,19.854083,,,,17.2058846693,65.5085360129,5.0,36.6,0.0623056385282,,0.314854751828,0.115691768013,,0.199942546221,0.0639423804943,SAO,0.026458512482,0.00124998498333,0.263884926715
ERS490691,0.226052,19.30925,0.01,199.9,0.32,1.15022465652,20.0127818086,120.0,36.6,0.160880224578,0.9,24.3472023842,88.8293839221,0.06,118.044771434,2.50002756962,SAO,0.06859084218,0.797518867758,120.544799004
ERS490696,0.226052,19.30925,0.02,193.0,0.26,0.922826580965,12.2258597972,120.0,36.3,0.102780544783,-0.6,19.6011728308,90.2447011187,0.09,15.8341796653,0.0831002694959,SAO,0.0623343771549,0.965134981681,15.9172799348
ERS490697,0.226052,19.30925,0.02,193.0,0.26,0.878757678516,11.6158662285,120.0,36.3,0.0938178708792,-0.6,19.2657558451,34.2707687302,0.09,177.324042133,1.97688583768,SAO,0.0495685154008,0.232550803675,179.300927971
ERS490714,0.0,5.8659,2.07,2.3,2.64,0.238323491965,2.4872642295,800.0,35.9,0.138198298763,19.6,10.0595744778,27.3448967816,21.22,22.7924383032,1.05854964833,SAO,0.090891723612,2.08773587394,23.8509879516
ERS490722,0.0,5.8659,2.07,2.3,2.64,0.0191047824438,0.243343258754,800.0,35.9,0.109056674188,19.6,5.81259492084,4.75365011665,21.22,3.1886629263,0.247035179316,SAO,0.0838874451417,0.229525874773,3.43569810562
ERS490885,0.310844,7.321517,0.0,187.4,0.14,0.06023439023,0.702602055539,5.0,36.0,0.261377555071,-1.3,3.25038599141,203.172797291,0.09,0.468201882175,0.283692349696,SAO,0.0973111901596,0.0144953582092,0.751894231871
ERS490900,0.310844,7.321517,,,,0.760606410546,0.322991483558,5.0,,0.0291244809972,,0.00878968044881,0.0413634478986,,0.00921791642578,0.016799179186,SAO,0.0114802519348,0.000510608965832,0.0260170956117
ERS490928,1.01772,6.975635,0.07,148.3,0.34,0.0404739866239,0.469239274185,40.0,36.5,0.258690663347,-0.2,7.59895185891,264.012401353,0.49,0.329096724647,0.227180786659,SAO,0.0927655189434,0.00774051794228,0.556277511306
ERS490953,1.01772,6.975635,0.07,148.3,0.34,1.57881439981,0.722074091285,40.0,36.5,0.0225522153577,-0.2,0.00738673893319,0.0424758978512,0.49,0.00874356047159,0.0192485581168,SAO,0.00798611411272,0.000254476111167,0.0279921185884
ERS491001,0.109555,1.84402,0.0,187.4,0.14,0.0199289591069,0.322624825165,5.0,36.0,0.243411815944,-1.3,0.405383871905,182.017145565,0.09,0.241171366237,0.137351487086,SO,0.0833147959677,0.0096656939634,0.378522853323
ERS491044,0.065273,0.67108,0.0,189.3,0.08,0.00827891480539,0.258936513465,5.0,34.6,0.185339000089,-1.5,0.316255150485,331.805580088,0.03,0.302353073965,0.156090151358,SO,0.0943607599974,0.009749491153,0.458443225322
ERS491063,0.065273,0.67108,,,,0.529789704154,0.466050977196,5.0,,0.0908737869868,,0.024051646368,0.162146237057,,0.0405008488092,0.0608727315617,SO,0.0461053900218,0.00162289546307,0.101373580371
ERS491095,0.540091,-0.78154,0.0,187.4,0.14,0.0137040599044,0.272204123777,90.0,36.0,0.148553412671,-1.3,0.401904130418,171.044075531,0.09,0.246137571276,0.137164537539,SO,0.087794137252,0.0606591774418,0.383302108814
ERS491107,0.540091,-0.78154,0.15,132.8,0.34,0.851937833859,0.75042369384,90.0,35.1,0.0331227690405,0.6,0.00571041288778,0.0750261732779,1.39,0.0133344446606,0.0196193567477,SO,0.0171133870415,0.000784165868421,0.0329538014084
ERS491110,0.010087,0.45883,0.15,132.8,0.34,0.0430386591102,0.100506573915,790.0,35.1,0.108445208923,0.6,18.5177705935,11.3342521061,1.39,0.153694654727,0.098151553446,SO,0.12277492651,1.94268632473,0.251846208173
ERS491421,0.387495,18.014508,0.02,185.2,1.94,0.340142134493,4.4298303417,5.0,35.1,0.118452446403,2.6,0.233594987539,154.26242311,28.64,7.48945898369,5.21632812518,SPO,0.0408216294317,0.00362531269106,12.7057871089
ERS491433,0.387495,18.014508,,,,,,5.0,,,,,,,,,SPO,,,
ERS491463,1.104727,16.40115,0.0,189.3,0.08,0.157670039279,3.20789481223,35.0,34.6,0.211259821137,-1.5,0.108014438229,100.210848312,0.03,0.840909204195,3.06983962637,SPO,0.0866836489483,0.00395959510033,3.91074883057
ERS491492,0.147822,21.131962,0.0,185.7,0.1,0.0165806908345,7.06477445426,5.0,35.1,0.16519798303,0.5,0.334156753303,105.204225878,0.05,57.4159395418,0.846676645018,SPO,0.040893702385,0.00279490198059,58.2626161868
ERS491514,0.139594,22.413508,,,,,,5.0,,,,,,,,,SPO,,,
ERS491525,0.044093,23.799133,0.01,187.3,0.08,0.00208193863245,0.373578523409,5.0,34.2,0.169254353621,-2.2,1.19579334785,51.2077548479,0.06,66.8032893884,0.0825804485867,SPO,0.0452241079739,0.00278753986694,66.885869837
ERS491673,0.203442,18.334334,,,,,,175.0,,,,,,,,,SPO,,,
ERS491699,0.013449,25.14875,0.03,192.6,0.18,0.0237066938961,1.49141645603,5.0,34.9,0.281304637857,0.2,10.1824650727,81.1898892998,0.47,197.641714305,0.485948246391,SPO,0.0786874241139,0.00627914215282,198.127662551
ERS491740,0.176523,20.171605,0.01,187.3,0.08,0.107482712899,81.3232414893,188.0,34.2,0.136811977349,-2.2,20.7568687339,47.7802863864,0.06,219.335859487,0.286561468272,SPO,0.0525644020862,0.0199076450152,219.622420956
ERS491757,0.176523,20.171605,,,,,,188.0,,,,,,,,,SPO,,,
ERS491767,0.0,8.113126,0.03,192.6,0.18,0.0164600272702,0.124338887485,488.0,34.9,0.119834286208,0.2,12.084490783,14.9476969437,0.47,0.385431302938,0.0853377804821,SPO,0.112911290787,1.47103546797,0.470769083421
ERS491804,0.037733,23.788833,0.0,191.7,0.12,0.0406765381709,7.59481489031,5.0,34.6,0.132154969866,,4.38012279931,32.9118659797,0.0,157.10863416,0.147473077574,SPO,0.0330486206486,0.0032039703809,157.256107237
ERS491836,0.287892,25.2512,0.02,190.1,0.0,1.28124114205,58.916208115,5.0,35.1,0.380662714532,,9.24962370637,173.835557249,0.0,23.3188124352,0.548636099155,SPO,0.120267164478,0.0113897464197,23.8674485344
ERS491851,0.287892,25.2512,,,,10.3885762723,32.6181370985,5.0,,0.0201254516638,,0.0191515931557,0.0336189742709,,0.056756232573,0.0168256491053,SPO,0.00816264114073,0.000925542765944,0.0735818816783
ERS491874,0.366887,20.649431,,88.2,,0.46606829396,84.3023727812,50.0,34.8,0.21658015431,,20.5446232906,114.913945951,,155.187275317,0.965145602745,SPO,0.0910779490167,0.037687070116,156.15242092
ERS491897,0.366887,20.649431,,,,17.2328545171,118.455257112,50.0,,0.00798002556117,,0.893058382151,0.0178606386544,,0.302035111775,0.0581957493778,SPO,0.00262393489923,9.83683796648e-05,0.360230861153
ERS491913,0.121464,13.014573,,193.1,,0.16842717981,0.487943319387,177.0,35.0,0.224850166644,,10.0806380124,36.2749816824,,4.40810459983,0.572692067495,SPO,0.182895314364,3.60707402793,4.98079666732
ERS491930,0.121464,13.014573,,,,2.3289176383,13.0568071103,177.0,,0.0240831931356,,0.024680078767,0.08924996332,,0.029686831498,0.0193259757415,SPO,0.0116138814592,0.000526893900121,0.0490128072395
ERS491938,0.238224,24.943108,0.0,207.4,0.08,1.18018477977,53.3045586085,5.0,35.3,0.310927252811,-0.1,11.2830538867,224.570053614,0.02,22.5156320318,2.81764876071,SPO,0.0815245700403,0.00747707444327,25.3332807925
ERS491980,0.010087,9.195825,,199.9,,0.102354461372,0.607552843126,480.0,35.3,0.187115043023,-0.2,23.8269644877,30.2070400247,,0.550414300535,0.36680403356,SPO,0.263843558001,3.3327017638,0.917218334095
ERS491995,0.010087,9.195825,,,,5.53765381296,24.7434278355,480.0,,0.0204647198205,,0.0361836393419,0.0549522107746,,0.0769007316002,0.0286969392833,SPO,0.00821206427379,0.00145144434575,0.105597670883
ERS492012,0.728939,19.566255,0.03,185.0,0.0,3.07936643662,120.394026231,40.0,35.2,0.265679256499,0.8,16.7996107413,286.989913373,0.06,119.639592519,4.27162511304,SPO,0.0833779016562,0.0152686553168,123.911217632
ERS492117,0.0,10.193037,,,,,,380.0,,,,,,,,,SPO,,,
ERS492145,0.28167,27.617558,0.0,210.0,0.08,1.44156165421,57.1728439951,5.0,35.3,0.259360793059,,33.6255689772,168.585279215,0.0,61.806541727,4.57840507784,SPO,0.0894917008526,0.00700316694857,66.3849468048
ERS492154,0.28167,27.617558,,,,,,5.0,,,,,,,,,SPO,,,
ERS492160,0.28167,27.617558,0.0,210.0,0.08,42.2268240051,94.6202463013,5.0,35.3,0.0291264822242,,0.159597981894,0.0746437330728,0.0,0.225336842192,0.0751003698452,SPO,0.0136100891317,0.000844681106687,0.300437212037
ERS492177,0.737378,26.532035,0.0,207.4,0.08,1.71400901465,93.5491318732,30.0,35.3,0.364592920899,-0.1,49.7573242935,234.476621763,0.02,29.4619701096,1.98214193587,SPO,0.119744236483,0.0121763837281,31.4441120455
ERS492198,0.737378,26.532035,0.0,207.4,0.08,97.2958439797,480.540584981,30.0,35.3,0.0368680120301,-0.1,0.291199771082,0.124474919159,0.02,1.13385540078,0.0954646226212,SPO,0.0288733309777,0.00190656322943,1.2293200234
ERS492205,0.0,11.3158,0.0,193.0,1.12,0.0405431483015,0.422571621564,380.0,34.6,0.178477418853,,18.9543589144,19.1566712266,15.24,0.412829902388,0.242852321585,SPO,0.151646753897,1.10742959126,0.655682223973
ERS492212,0.0,11.3158,,,,,,380.0,,,,,,,,,SPO,,,
ERS492228,0.317793,23.8683,,206.4,,0.543117128709,21.654622672,5.0,,0.121403209897,,12.2128289421,97.086225051,,18.3549623789,0.805781415768,SPO,0.0428988066169,0.00379459187062,19.1607437946
ERS492243,0.317793,23.8683,,,,,,5.0,,,,,,,,,SPO,,,
ERS492264,0.460366,21.814577,,206.4,,1.09111511827,35.0806589215,50.0,,0.0900936713815,,27.4694431358,67.4197288934,,24.4419868243,0.451224524649,SPO,0.0599871795622,0.0223953757343,24.893211349
ERS492279,0.460366,21.814577,,,,,,50.0,,,,,,,,,SPO,,,
ERS492294,0.0,10.2584,,206.4,,0.293430928446,7.53549404316,380.0,,0.0763151239459,,13.7282888257,33.1734468241,,5.40008631792,0.487662143602,SPO,0.0683131769536,0.462763970629,5.88774846152
ERS492306,0.0,10.2584,,,,,,380.0,,,,,,,,,SPO,,,
ERS492321,0.203347,22.76873,,207.0,,0.344227210228,20.7864730242,5.0,35.4,0.113982161116,,21.021457869,61.2266387567,,9.08721497429,0.177487640677,SPO,0.0404778238024,0.00357982748761,9.26470261497
ERS492342,0.203347,22.76873,,,,11.2080831527,26.0808421253,5.0,,0.0354267484303,,0.0118754666214,0.0411739414514,,0.0423262893858,0.0169595286417,SPO,0.00807962122685,0.000463797624147,0.0592858180275
ERS492357,0.378549,19.881449,,198.0,,0.153221617697,34.5796483323,90.0,34.7,0.0938042962134,,16.380434067,49.7541894027,,76.9332604047,0.204255441968,SPO,0.0430664966748,0.00669880744951,77.1375158467
ERS492376,0.378549,19.881449,,,,6.23549884879,448.453434286,90.0,,0.0629527145859,,0.07549284555,0.0569153852283,,0.0757098577747,0.0422254979699,SPO,0.0205987594983,0.000902204108554,0.117935355745
ERS492381,0.0,10.893125,,207.0,,0.0255791445325,0.0600635312783,350.0,35.4,0.0647391338264,,11.5768132792,8.09911043172,,0.0894153971136,0.0511916218445,SPO,0.0747974643763,0.633491654189,0.140607018958
ERS492399,0.0,10.893125,,,,1.04336683065,0.873634418834,350.0,,0.0590011545045,,0.0457737246277,0.140230383644,,0.0269178475124,0.0572339108446,SPO,0.0263051949479,0.00234060389927,0.084151758357
ERS492408,0.04895,24.237467,0.26,240.4,0.37,0.175942343729,25.6604554326,5.0,35.3,0.0958715257214,,8.49121433422,24.184753189,3.23,143.711902187,0.315195532747,SPO,0.0320078082941,0.00377454572548,144.027097719
ERS492426,0.04895,24.237467,,,,,,5.0,,,,,,,,,SPO,,,
ERS492445,0.222552,22.261435,,207.0,,0.165033720367,24.9116494099,155.0,35.4,0.0658681584712,,14.3039609755,18.5882020467,,105.872088994,0.170676337385,SPO,0.030718273863,0.004708107925,106.042765331
ERS492461,0.222552,22.261435,,,,,,155.0,,,,,,,,,SPO,,,
ERS492471,0.0,5.791448,0.26,240.4,0.37,0.0151979201437,0.469907635937,696.0,35.3,0.0741732601821,,3.0435026848,6.28762758207,3.23,1.15002093128,0.0563434334792,SPO,0.0642100859798,0.725108930776,1.20636436476
ERS492516,0.142584,23.791908,,,,,,5.0,,,,,,,,,SPO,,,
ERS492642,0.166512,26.54413,0.29,231.7,0.23,0.358754564703,15.0341377032,5.0,35.7,0.116866151684,,40.8751937133,54.6721061056,1.08,9.78754826073,0.260938956108,SPO,0.0454204230761,0.00455324142522,10.0484872168
ERS492646,0.166512,26.54413,0.29,231.7,0.23,9.08538157473,125.211118706,5.0,35.7,0.016729607656,,1.69085171104,1.20786778982,1.08,0.43120610775,0.0398791659247,SPO,0.00965953803342,0.000889814721487,0.471085273675
ERS492647,0.166512,26.54413,0.0,195.2,1.53,0.471543767385,14.8930138296,5.0,34.5,0.0863817393159,25.8,60.0972527559,67.3641640385,22.08,4.13138501327,0.0897714263509,SPO,0.0522702447026,0.00639631385159,4.22115643962
ERS492648,0.166512,26.54413,0.0,195.2,1.53,0.225455048139,13.6006698799,5.0,34.5,0.0725267376457,25.8,25.0628869893,15.1199372406,22.08,33.9709954847,0.837559343307,SPO,0.0253715977481,0.00307068881987,34.808554828
ERS492657,0.166512,26.54413,,,,9.25398109449,67.6077618515,5.0,,0.0167280281581,,0.0542749510861,0.264754949534,,0.127315803458,0.0268303729807,SPO,0.00835657895746,0.000255523037022,0.154146176438
ERS492680,0.0,7.212238,0.17,249.4,1.02,0.277306220164,5.92153858772,600.0,34.8,0.319901040289,0.4,37.0840661538,54.3473016072,7.09,15.3202012154,0.541549282541,SPO,0.31215623725,2.90135895391,15.861750498
ERS492683,0.0,7.212238,0.17,249.4,1.02,2.52109456712,23.3070037526,600.0,34.8,0.0367308241246,0.4,0.254533611094,0.315353074332,7.09,0.0886637257789,0.0542617622454,SPO,0.0266106390594,0.0742370509971,0.142925488024
ERS492684,0.0,7.212238,0.29,231.7,0.23,0.0998440166141,1.4951873235,600.0,35.7,0.0688700044866,,8.30616317781,22.2602211218,1.08,0.46028328412,0.0635426985255,SPO,0.0971989103522,1.86864057002,0.523825982646
ERS492685,0.0,7.212238,0.29,231.7,0.23,0.0457330860819,0.935230916853,600.0,35.7,0.0880366293343,,4.46344190773,16.9090015985,1.08,3.10080688432,0.200558725224,SPO,0.0780458476181,0.100417198895,3.30136560955
ERS492692,0.0,7.212238,,,,2.3953535549,3.95622688622,600.0,,0.0883578649352,,0.0355037047281,0.126884340378,,0.0442819080424,0.0753254530336,SPO,0.0441465041863,0.00665448148755,0.119607361076
ERS492699,0.295808,24.69625,0.3,238.9,0.34,0.459989652942,10.0591539324,115.0,35.3,0.0831000596714,2.5,5.791416912,34.1503892297,3.34,30.0643647411,0.160835674402,SPO,0.0600468476552,0.01304207091,30.2252004155
ERS492703,0.295808,24.69625,0.3,238.9,0.34,10.3661461237,106.787843946,115.0,35.3,0.0409056772661,2.5,0.489742630772,3.64842756768,3.34,0.574801108407,0.0819677078586,SPO,0.0556228616801,0.00489178370507,0.656768816265
ERS492704,0.295808,24.69625,0.17,249.4,1.02,0.247092581304,12.0341690939,115.0,34.8,0.092036593958,0.4,8.13196090345,52.1290327472,7.09,3.56041860632,0.0717814838184,SPO,0.0543356327717,0.0139357019061,3.63220009014
ERS492705,0.295808,24.69625,0.17,249.4,1.02,0.279464503704,9.93582410157,115.0,34.8,0.0720954904772,0.4,5.53548847703,7.22997020353,7.09,104.97207507,0.404413973109,SPO,0.0496012389603,0.00590556068053,105.376489043
ERS492714,0.295808,24.69625,,,,6.18060420474,80.460782164,115.0,,0.00903283930525,,0.348724772001,0.146299725578,,0.129922097086,0.0197655048362,SPO,0.00385545444297,0.000285049412745,0.149687601922
ERS492733,0.319103,26.576175,0.0,,0.01,1.19705424375,10.9157299548,5.0,,0.107463722451,,53.851696356,36.5878235417,0.03,0.719595314597,14.4397220643,SPO,0.0469221868377,0.0139053424176,15.1593173789
ERS492738,0.319103,26.576175,0.0,,0.06,0.377073374103,8.02171030586,5.0,37.5,0.092360630163,,23.180045025,83.5097566651,0.03,0.153528541549,0.0736212266206,SPO,0.0402975257795,0.016375688156,0.227149768169
ERS492739,0.319103,26.576175,0.01,161.7,2.52,0.357442892334,6.90614421754,5.0,34.4,0.1354667354,37.8,51.3387264029,33.1399563992,36.73,2.24298936779,21.1010349646,SPO,0.054423687913,0.0148487615897,23.3440243324
ERS492748,0.319103,26.576175,,,,30.1710993207,49.3560529966,5.0,,0.012292236681,,0.0574780405379,0.0937597951367,,0.0999232807353,0.0176011605461,SPO,0.00472799394242,0.000580894713528,0.117524441281
ERS492778,0.051638,22.1151,0.25,231.9,0.23,1.0418626066,11.0956491357,150.0,35.7,0.361274995531,,21.6399825781,77.4878307738,1.3,17.3116830705,0.801361529683,SPO,0.248091353975,4.19962445844,18.1130446002
ERS492781,0.051638,22.1151,0.25,231.9,0.23,10.4178159543,111.445496705,150.0,35.7,0.0166353931389,,0.994422110324,2.06277583554,1.3,0.398193881669,0.0969991458111,SPO,0.0142768730421,0.0272630700693,0.49519302748
ERS492782,0.051638,22.1151,0.25,231.9,0.23,0.235040975668,2.58191326576,150.0,35.7,0.0913224370487,,5.62261014561,18.1037936659,1.3,6.0336019324,0.376626450822,SPO,0.0621119425306,1.00445652393,6.41022838322
ERS492783,0.051638,22.1151,0.25,231.9,0.23,0.153224090766,2.45908580359,150.0,35.7,0.086870478529,,2.03064523773,0.550255343083,1.3,0.771186069586,0.207924035976,SPO,0.112576961219,0.0287540960937,0.979110105562
ERS492814,0.286662,26.518986,,,,2.49471396422,37.1585230366,5.0,,0.447807137398,,151.710184932,246.494885341,,32.6660672998,89.1547524549,SPO,0.199010770845,0.0625826710066,121.820819755
ERS492818,0.286662,26.518986,0.05,215.7,0.36,22.4583891121,119.452403027,5.0,36.4,0.0140390066066,0.2,2.77574361242,3.02709705301,0.99,0.430380143355,0.268397040657,SPO,0.0125089492776,0.0014156180059,0.698777184012
ERS492819,0.286662,26.518986,0.05,215.7,0.36,0.326066873778,6.74413179582,5.0,36.4,0.113463630015,0.2,44.1287939301,80.711880955,0.99,1.79618275431,0.113054634504,SPO,0.0455314653963,0.0156006372611,1.90923738881
ERS492820,0.286662,26.518986,0.01,194.4,0.14,0.182532029779,6.89911233387,5.0,36.6,0.094643414817,0.2,21.3580302724,10.884700054,0.04,20.3604737944,48.519862579,SPO,0.0385881008372,0.00720274552957,68.8803363735
ERS492821,0.286662,26.518986,,,,,,5.0,,,,,,,,,SPO,,,
ERS492843,0.286662,26.518986,,,,36.6813586531,59.2489107692,5.0,,0.0139823139377,,0.0421647692981,0.10264458491,,0.109441269506,0.0219620474539,SPO,0.00531316099539,0.000217482531959,0.13140331696
ERS492863,0.127609,25.221787,0.01,161.7,2.52,1.91644951219,17.2226078753,120.0,34.4,0.439631592726,37.8,110.667074321,185.141112896,36.73,12.272560124,16.7476518744,SPO,0.239949776796,3.98511610351,29.0202119984
ERS492866,0.127609,25.221787,0.01,161.7,2.52,25.0163889731,91.9005490865,120.0,34.4,0.0160410504193,37.8,1.68605984872,6.53894098822,36.73,0.455546416889,12.4876979916,SPO,0.0156782522624,0.0248495562783,12.9432444085
ERS492867,0.127609,25.221787,0.01,161.7,2.52,0.429146372584,5.09763701887,120.0,34.4,0.0948646535216,37.8,18.3685915998,71.1988710657,36.73,0.293809543679,0.420891896984,SPO,0.0597021291595,1.84855498087,0.714701440663
ERS492868,0.127609,25.221787,0.05,215.7,0.36,0.405538957551,2.90914081413,120.0,36.4,0.110544607872,0.2,20.8047222087,8.61885607099,0.99,6.575815857,5.19168455708,SPO,0.0630026628577,0.516846087823,11.7675004141
ERS492877,0.127609,25.221787,,,,22.6436985239,78.061557996,120.0,,0.00833874459115,,0.183283158083,0.0433803612021,,0.108609956365,0.0193556072584,SPO,0.00150589729026,0.0,0.127965563624
ERS492888,0.233673,26.780158,0.02,203.8,0.04,2.03325097373,37.4595478955,5.0,36.7,0.453577041706,0.6,212.511015629,341.93736918,0.0,19.5237372682,21.815647611,SPO,0.194051931528,0.0508175471526,41.3393848792
ERS492892,0.233673,26.780158,0.0,199.1,0.1,15.5509033747,102.478053066,5.0,36.4,0.0180189874907,0.3,2.34818196187,5.12541573027,0.02,0.223697249941,0.170809544953,SPO,0.0131658416676,0.0010714538861,0.394506794894
ERS492893,0.233673,26.780158,0.02,203.8,0.04,0.101943244957,0.954795234927,5.0,36.7,0.0785521907482,0.6,2.94255386691,35.147254935,0.0,0.116054578016,0.0438734672729,SPO,0.0817816656378,2.89000270339,0.159928045289
ERS492894,0.233673,26.780158,0.02,203.8,0.04,0.0736075606625,0.310973540841,5.0,36.7,0.1103990563,0.6,4.94249177943,5.27993834521,0.0,0.135957677888,0.105421481452,SPO,0.0692184450019,0.174134148299,0.24137915934
ERS492903,0.233673,26.780158,,,,28.7562948972,54.8299330398,5.0,,0.00719977840076,,0.0221072517871,0.121741051847,,0.0723489171647,0.055214585434,SPO,0.00294200440621,0.000207137287362,0.127563502599
ERS492926,0.020173,23.706525,0.01,143.2,2.62,0.160229972009,0.523417936486,140.0,34.5,0.0819144811094,38.4,4.13561816621,19.1619636897,36.98,0.0980069574727,0.0590072554954,SPO,0.0632578089745,1.07945397614,0.157014212968
ERS492930,0.020173,23.706525,0.01,194.4,0.14,4.81151950809,30.9709855536,140.0,36.6,0.0114748039979,0.2,0.206057459939,1.20691065658,0.04,0.054327762439,0.0257167350541,SPO,0.00676110052949,0.0318719361668,0.0800444974931
ERS492931,0.020173,23.706525,0.01,143.2,2.62,0.622880468944,9.94117698984,140.0,34.5,0.0904562484837,38.4,61.8674193966,107.851621209,36.98,0.348970427915,0.0671565814451,SPO,0.0501563809486,0.0148474149509,0.41612700936
ERS492932,0.020173,23.706525,0.0,199.1,0.1,0.714517303165,7.91281752333,140.0,36.4,0.0937249350044,0.3,54.050990654,16.4575860218,0.02,23.3209530632,6.71081053015,SPO,0.0540847348709,0.00602047842379,30.0317635934
ERS493044,0.288205,26.074467,0.0,192.2,0.94,0.577596788653,15.2804030385,5.0,34.4,0.0948645179217,34.6,47.6589648667,44.4535003729,12.08,12.5736925581,0.476745552397,SPO,0.0526095622566,0.0374382644298,13.0504381105
ERS493057,0.288205,26.074467,,,,,,5.0,,,,,,,,,SPO,,,
ERS493098,0.451256,26.080233,0.02,203.8,0.04,0.991809159204,18.0642023169,40.0,36.7,0.0997308056028,0.6,60.71989786,49.08689136,0.0,12.654074096,0.39620544794,SPO,0.0509931052163,0.0450519398403,13.0502795439
ERS493295,0.000617,4.669603,,,,,,746.0,,,,,,,,,NPO,,,
ERS493300,0.057131,25.173925,0.0,206.2,0.06,0.0588052058433,24.6604537847,5.0,37.1,0.1354139478,0.0,17.9983755342,39.4307687335,0.0,187.718100124,0.386957388917,NPO,0.036545942449,0.00361864617773,188.105057513
ERS493340,0.276677,15.284298,0.0,192.2,0.94,0.275894326717,38.8793345763,115.0,34.4,0.0494198468704,34.6,7.50516821026,21.473247672,12.08,32.2057471204,0.0887509328805,NPO,0.0397391060096,0.113232323225,32.2944980533
ERS493372,0.005017,6.689724,0.0,206.2,0.06,0.0260885810863,0.137651500919,550.0,37.1,0.0659522507648,0.0,8.32212937036,7.34479110486,0.0,0.720116015108,0.0559009520847,NPO,0.0651316985314,0.523737073744,0.776016967193
ERS493382,0.005017,6.689724,,,,,,550.0,,,,,,,,,NPO,,,
ERS493390,0.038221,19.249733,0.05,217.1,0.0,0.426800185801,19.5652923949,5.0,36.3,0.212440512033,0.5,1.29421357915,96.0965432897,0.1,62.6974107065,1.45151067603,NPO,0.0372144583884,0.0039213090913,64.1489213825
ERS493431,0.436597,13.159842,0.0,206.2,0.06,2.83778996707,36.2496570414,45.0,37.1,0.142200626282,0.0,6.38175431337,81.3804564687,0.0,23.8999158033,1.05483181282,NPO,0.0322539488129,0.0135626703806,24.9547476161
ERS493460,0.002017,4.936634,0.0,206.2,0.06,0.0184048402841,0.191275657197,650.0,37.1,0.0604426432213,0.0,11.6222863447,6.40796208604,0.0,0.292884030659,0.142795135464,NPO,0.0918885943059,1.16258727083,0.435679166123
ERS493612,0.245841,24.52735,,,,,,5.0,,,,,,,,,NPO,,,
ERS493636,0.290611,26.4091,0.0,214.8,1.95,1.21155784119,22.1581326774,5.0,34.4,0.11410172087,29.8,17.0844790811,94.1568951879,28.21,23.2980628447,1.02268421703,NPO,0.045758842377,0.00350863110964,24.3207470618
ERS493670,,,0.05,217.1,0.0,0.0844995661693,2.20143093118,40.0,36.3,0.323670823648,0.5,4.21089897733,35.6288370278,0.1,8.40883470092,1.02884657325,NPO,0.208895733563,0.760185234725,9.43768127417
ERS493684,,,,,,21.0981387831,261.05991929,40.0,,0.00213327075456,,0.7272628224,0.0804320196306,,0.233387268957,0.0366335666114,NPO,0.000565541602179,0.000198465450106,0.270020835569
ERS493705,0.001625,8.911481,0.05,217.1,0.0,0.0692276631208,0.710196883113,375.0,36.3,0.280237260782,0.5,4.54632870831,20.2568566697,0.1,0.552564070905,0.26165071455,NPO,0.258348381391,1.09395866642,0.814214785454
ERS493752,0.013449,26.6362,0.0,221.5,0.0,0.176259104871,41.7341864871,5.0,36.3,0.106187852307,-0.4,29.5887731102,36.3031908619,0.02,162.832150571,0.240128805706,NPO,0.0376830196176,0.00378233201262,163.072279377
ERS493788,0.334076,19.048358,0.0,214.8,1.95,0.454226891778,34.3860530873,60.0,34.4,0.0663694760639,29.8,10.0903978269,47.342264327,28.21,34.5633948758,0.107571768624,NPO,0.040226444904,0.161211686523,34.6709666444
ERS493803,0.334076,19.048358,,,,17.522360652,195.272211369,60.0,,0.0183155178196,,0.158522280299,0.0480261507987,,0.129705193426,0.034969646926,NPO,0.0103600841563,0.00207954327853,0.164674840352
ERS493822,0.002017,8.210557,0.0,221.5,0.0,0.0483502859619,1.37964776092,450.0,36.3,0.278899594076,-0.4,4.92196523832,19.0400068648,0.02,1.17879460327,0.27591865301,NPO,0.230007951808,0.977991175781,1.45471325628
ERS493853,0.4664,26.273758,,,,,,5.0,,,,,,,,,NPO,,,
ERS493877,0.040695,26.62925,0.0,221.5,0.0,1.35041797701,51.2774264755,5.0,36.3,0.106029133932,-0.4,12.5552500876,66.7446484817,0.02,66.1260327861,22.614718356,NPO,0.0389193773499,0.00512138072325,88.7407511421
ERS493914,0.126428,27.119358,0.0,221.5,0.0,1.46413584907,10.9097563104,5.0,36.3,0.147809018909,-0.4,4.40067987612,71.786007471,0.02,22.5569898566,58.0451571151,NAO,0.0374829914068,0.0664629222777,80.6021469716
ERS493938,0.163338,24.96555,0.15,305.0,1.3,0.54279738592,7.80158661726,5.0,34.0,0.0958597003947,17.1,54.0559714167,51.1987126051,18.15,74.8020193297,12.6290441499,NAO,0.0515506502477,0.0666914630675,87.4310634796
ERS493954,0.163338,24.96555,,,,,,5.0,,,,,,,,,NAO,,,
ERS493981,0.164483,24.948842,0.14,306.2,1.42,0.70148261193,13.6699905189,125.0,34.1,0.0916127256273,17.1,65.3936371116,50.0804973723,19.07,75.2780500498,8.01482650266,NAO,0.0571727942799,0.0824163055341,83.2928765525
ERS494006,0.008069,9.756257,0.14,306.2,1.42,0.0136408256755,0.046663455132,640.0,34.1,0.08206839962,17.1,6.9159386232,7.51624868463,19.07,0.181219060198,0.133830943972,NAO,0.0811419356339,0.906825353279,0.315050004169
ERS494170,0.296307,14.11885,0.06,325.4,2.31,0.218903312841,1.86867056721,5.0,34.3,0.0939429725897,33.1,7.2634084207,74.5803645397,31.0,0.324142941242,2.56686730525,NAO,0.0511088488199,2.47561716389,2.8910102465
ERS494208,0.008351,5.067239,0.27,338.3,1.72,0.0300659752735,0.0362076721593,590.0,33.7,0.0673311320769,24.4,14.7936374601,9.4007204194,25.3,0.098329048794,0.155050347778,NAO,0.0595596429003,1.75446972197,0.253379396572
ERS494236,0.12799,19.1288,0.02,203.8,2.61,0.943542161521,1.7615971409,5.0,34.7,0.0938967087948,38.8,23.5102152956,52.0750752363,36.37,13.4120574459,8.30479222339,NAO,0.059150037595,0.803341290062,21.7168496693
ERS494274,0.006052,11.012346,0.06,325.4,2.31,0.00880314588239,0.0310188899975,640.0,34.3,0.0684411668084,33.1,6.76183631798,8.43417144779,31.0,0.0661036780018,0.0657372954985,NAO,0.0591542022795,0.947046960085,0.1318409735
ERS494332,0.166512,20.3973,0.11,343.4,2.11,0.976548305386,2.65898858418,5.0,34.4,0.0992830103833,27.5,29.0220964691,49.344944928,28.5,24.5002880109,17.1417238043,NAO,0.0530902001477,0.325535877161,41.6420118152
ERS494374,0.004651,18.169021,0.02,,0.02,0.150028091186,0.868487632999,250.0,37.8,0.0650389989243,,13.6727558423,13.7549283021,0.08,0.110529680786,0.152645709196,NAO,0.0655679110999,0.805606017497,0.263175389981
ERS494394,0.214174,18.732683,0.37,237.2,1.07,3.05500775367,2.81470750537,5.0,34.3,0.0822104389938,0.7,19.0740990722,56.9585837121,7.55,9.08470304292,8.01026734334,NAO,0.0502060195131,0.456636870445,17.0949703863
ERS494431,0.009303,10.565417,0.01,,0.02,0.0131293550815,0.0205561246515,740.0,38.0,0.0728865586121,,6.4662279844,9.93660848982,0.03,0.0782764937589,0.136066693181,NAO,0.0731368693296,0.987477045343,0.21434318694
ERS494445,0.196921,17.583075,0.0,219.2,0.28,1.28267363102,25.8057323657,5.0,34.7,0.0836997874076,-0.4,10.1487015877,67.8151177153,0.03,78.38766352,2.16400977195,NAO,0.0380548041655,0.0944191953503,80.551673292
ERS494488,0.339591,17.663574,0.01,244.9,0.52,2.27715308605,39.3059127487,40.0,34.3,0.0891360960193,-1.5,16.4181753239,60.7128259196,0.02,72.6003335216,2.72865607425,NAO,0.0433091970553,0.0628659670189,75.3289895958
ERS494518,0.040347,17.260108,0.02,210.6,0.1,1.27205780125,33.7607404523,5.0,35.8,0.117113336888,-0.7,18.9438515995,77.4266760725,0.05,51.9746373123,1.50910363045,NAO,0.0412282537731,0.0205890863341,53.4837409428
ERS494559,0.247378,16.751066,0.0,204.1,0.16,0.407543119614,8.70046016232,80.0,35.8,0.0992314353839,-0.4,13.5928955932,61.4146305787,0.02,16.5514306903,0.573331492424,NAO,0.0453673541472,0.916965008344,17.1247621828
ERS494579,0.238225,14.28065,0.0,204.0,0.29,0.481667096612,14.2807975865,5.0,36.1,0.0922023350776,-1.7,6.01942440339,75.6764824835,0.04,45.7727963733,2.22599045743,NAO,0.0436419806942,0.30966338139,47.9987868307
ERS494616,0.001345,10.21177,0.0,155.6,2.02,0.0150661713299,0.0411227486467,800.0,34.4,0.0798724560295,24.6,6.2845018178,9.38790541178,27.29,0.103260646844,0.115321857477,NAO,0.0744265668277,0.807570025885,0.218582504321
ERS494628,,,0.0,200.5,0.2,0.490832735106,12.4407863932,25.0,36.4,0.0829407368835,-1.6,6.19044028044,65.8468823534,0.05,35.5991504452,1.5062878515,NAO,0.0419630207976,0.457747748499,37.1054382967
Eilat_A_12,0.348,26.0,0.055,,0.022,23.2485720937,75.1082138133,5.0,,11.7303249632,0.01,192.37698582,106.155296202,,265.076598559,38.3101021674,RS,3.3197630701,0.132591580368,303.386700727
Eilat_A_18,0.348,26.0,0.055,,0.022,36.0748688875,56.4335323295,5.0,,11.8173830098,0.01,140.36700678,97.7121328958,,300.419961169,38.3768788612,RS,3.2491960018,0.140217439248,338.79684003
Eilat_A_24,0.348,26.0,0.055,,0.022,41.889596232,72.8864371322,5.0,,10.035536683,0.01,108.439931356,83.5662450289,,369.834878532,40.8036807149,RS,2.83377005492,0.111812588075,410.638559247
Eilat_A_6,0.348,26.0,0.055,,0.022,21.6348973077,77.9748855597,5.0,,6.968818967,0.01,117.552106945,55.1615700149,,278.619055979,42.7767089772,RS,2.31089653935,0.189571121778,321.395764956
