RUN,AMODIS:PAR8d,Chl_a [ugr/l],Chlorophyll,Date,Depth,Depth(m),ENA-SAMPLE,Einsteins/m-2/d-1,Environment (Feature),Lyapunov_exp.,NO2 [umol/L],NO2NO3 [umol/L],Nitrate Sensor,Nitrates [umol/L],Okubo-Weiss,Oxygen Sensor,Oxygen [umol/kg],PO4 [umol/L],POC [ugr/l],Region,SI [umol/L],Salinity Sensor,Salinity [PSU],Sample label [TARA_station#_environmental-feature_size-fraction],Sampling Station,SiOH4 [umol/l],Station,Temperature,grad_SST_adv
vDNA_6,Na,0.257,0.348,22/10/2012 9:00,,5.0,,Na,,Na,0.055,Na,Na,0.01,Na,178.0075,,0.022,55.0,,Na,40.8351,,,,0.552,Eilat_A,26.0,Na
vDNA_12,Na,0.257,0.348,22/10/2012 9:00,,5.0,,Na,,Na,0.055,Na,Na,0.01,Na,178.0075,,0.022,55.0,,Na,40.8351,,,,0.552,Eilat_A,26.0,Na
vDNA_18,Na,0.257,0.348,22/10/2012 9:00,,5.0,,Na,,Na,0.055,Na,Na,0.01,Na,178.0075,,0.022,55.0,,Na,40.8351,,,,0.552,Eilat_A,26.0,Na
vDNA_24,Na,0.257,0.348,22/10/2012 9:00,,5.0,,Na,,Na,0.055,Na,Na,0.01,Na,178.0075,,0.022,55.0,,Na,40.8351,,,,0.552,Eilat_A,26.0,Na
gDNA_6,Na,0.257,0.348,22/10/2012 9:00,,5.0,,Na,,Na,0.055,Na,Na,0.01,Na,178.0075,,0.022,55.0,,Na,40.8351,,,,0.552,Eilat_A,26.0,Na
gDNA_12,Na,0.257,0.348,22/10/2012 9:00,,5.0,,Na,,Na,0.055,Na,Na,0.01,Na,178.0075,,0.022,55.0,,Na,40.8351,,,,0.552,Eilat_A,26.0,Na
gDNA_18,Na,0.257,0.348,22/10/2012 9:00,,5.0,,Na,,Na,0.055,Na,Na,0.01,Na,178.0075,,0.022,55.0,,Na,40.8351,,,,0.552,Eilat_A,26.0,Na
gDNA_24,Na,0.257,0.348,22/10/2012 9:00,,5.0,,Na,,Na,0.055,Na,Na,0.01,Na,178.0075,,0.022,55.0,,Na,40.8351,,,,0.552,Eilat_A,26.0,Na
RNA_6,Na,0.257,0.348,22/10/2012 9:00,,5.0,,Na,,Na,0.055,Na,Na,0.01,Na,178.0075,,0.022,55.0,,Na,40.8351,,,,0.552,Eilat_A,26.0,Na
RNA_12,Na,0.257,0.348,22/10/2012 9:00,,5.0,,Na,,Na,0.055,Na,Na,0.01,Na,178.0075,,0.022,55.0,,Na,40.8351,,,,0.552,Eilat_A,26.0,Na
RNA_18,Na,0.257,0.348,22/10/2012 9:00,,5.0,,Na,,Na,0.055,Na,Na,0.01,Na,178.0075,,0.022,55.0,,Na,40.8351,,,,0.552,Eilat_A,26.0,Na
RNA_24,Na,0.257,0.348,22/10/2012 9:00,,5.0,,Na,,Na,0.055,Na,Na,0.01,Na,178.0075,,0.022,55.0,,Na,40.8351,,,,0.552,Eilat_A,26.0,Na
ERR315857,44.4,,0.0812,22/04/2011 19:51,5.0,,ERS477931,0.0,surface water (ENVO:00002042) layer,1.8,1.2,24.4,,20.3,0.04,,103.9,1.86,,MS,10.5,37.4911,34.9,TARA_007_SRF_0.22-1.6,TARA_007,,TARA_007,23.82575,3.75
ERR315856,41.8,,0.553274,15/04/2011 13:10,42.0,,ERS477953,-0.02,deep chlorophyll maximum layer (ENVO:xxxxxxxx),0.34,0.14,6.2,,4.6,0.05,,200.2,0.68,,MS,1.2,,35.8,TARA_007_DCM_0.22-1.6,TARA_007,,TARA_007,17.36746,8.97
ERR315861,47.2,,0.0419,21/05/2011 12:37,5.0,,ERS477979,0.02,surface water (ENVO:00002042) layer,0.43,0.31,8.2,,6.7,0.0,221.457208,190.8,0.75,,MS,3.9,38.201396,35.0,TARA_023_SRF_0.22-1.6,TARA_023,,TARA_023,17.321979,7.03
ERR315858,47.2,,0.0419,21/05/2011 12:37,5.0,,ERS477979,0.02,surface water (ENVO:00002042) layer,0.43,0.31,8.2,,6.7,0.0,221.457208,190.8,0.75,,MS,3.9,38.201396,35.0,TARA_023_SRF_0.22-1.6,TARA_023,,TARA_023,17.321979,7.03
ERR315860,46.5,,0.0599,21/05/2011 23:21,55.0,,ERS477998,0.02,deep chlorophyll maximum layer (ENVO:xxxxxxxx),0.43,0.41,10.7,,10.9,0.0,224.786708,144.6,0.93,,MS,6.0,38.472729,35.1,TARA_023_DCM_0.22-1.6,TARA_023,,TARA_023,15.194062,7.03
ERR315859,46.5,,0.0599,21/05/2011 23:21,55.0,,ERS477998,0.02,deep chlorophyll maximum layer (ENVO:xxxxxxxx),0.43,0.41,10.7,,10.9,0.0,224.786708,144.6,0.93,,MS,6.0,38.472729,35.1,TARA_023_DCM_0.22-1.6,TARA_023,,TARA_023,15.194062,7.03
ERR594408,46.5,,0.0599,22/05/2011 17:56,55.0,,ERS478007,0.02,deep chlorophyll maximum layer (ENVO:xxxxxxxx),0.43,0.0,38.1,,34.6,0.0,224.786708,1.3,2.8,,MS,35.0,38.472729,34.8,TARA_023_DCM_<-0.22,TARA_023,,TARA_023,15.194062,7.03
ERR315863,39.6,,0.01585,28/07/2011 19:36,5.0,,ERS478017,0.0,surface water (ENVO:00002042) layer,,0.1,2.8,-0.44796099999999994,2.3,0.02,207.738375,179.9,0.59,,MS,1.8,39.425208,36.1,TARA_030_SRF_0.22-1.6,TARA_030,,TARA_030,20.460612,8.42
ERR315862,39.6,,0.01585,28/07/2011 19:36,5.0,,ERS478017,0.0,surface water (ENVO:00002042) layer,,0.1,2.8,-0.44796099999999994,2.3,0.02,207.738375,179.9,0.59,,MS,1.8,39.425208,36.1,TARA_030_SRF_0.22-1.6,TARA_030,,TARA_030,20.460612,8.42
ERR318620,24.5,,0.042495,15/06/2011 22:14,70.0,,ERS478040,-0.06,deep chlorophyll maximum layer (ENVO:xxxxxxxx),0.44,0.01,31.46,0.254406,29.2,0.03,218.132538,199.2,2.15,,MS,20.6,39.255952,34.3,TARA_030_DCM_0.22-1.6,TARA_030,,TARA_030,18.979535,17.22
ERR318621,24.5,,0.042495,15/06/2011 22:14,70.0,,ERS478040,-0.06,deep chlorophyll maximum layer (ENVO:xxxxxxxx),0.44,0.01,31.46,0.254406,29.2,0.03,218.132538,199.2,2.15,,MS,20.6,39.255952,34.3,TARA_030_DCM_0.22-1.6,TARA_030,,TARA_030,18.979535,17.22
ERR318619,24.5,,0.042495,15/06/2011 22:14,70.0,,ERS478040,-0.06,deep chlorophyll maximum layer (ENVO:xxxxxxxx),0.44,0.01,31.46,0.254406,29.2,0.03,218.132538,199.2,2.15,,MS,20.6,39.255952,34.3,TARA_030_DCM_0.22-1.6,TARA_030,,TARA_030,18.979535,17.22
ERR318618,24.5,,0.042495,15/06/2011 22:14,70.0,,ERS478040,-0.06,deep chlorophyll maximum layer (ENVO:xxxxxxxx),0.44,0.01,31.46,0.254406,29.2,0.03,218.132538,199.2,2.15,,MS,20.6,39.255952,34.3,TARA_030_DCM_0.22-1.6,TARA_030,,TARA_030,18.979535,17.22
ERR594405,27.0,,0.042495,14/06/2011 16:54,70.0,,ERS478052,-0.06,deep chlorophyll maximum layer (ENVO:xxxxxxxx),0.44,0.01,0.03,0.254406,-0.9,0.03,218.132538,202.2,0.14,,MS,0.8,39.255952,36.5,TARA_030_DCM_<-0.22,TARA_030,,TARA_030,18.979535,17.22
ERR599003,43.1,,0.078,16/04/2011 16:09,5.0,,ERS487899,-0.02,surface water layer (ENVO:00002042),0.34,0.03,23.9,,21.1,0.05,,0.7,2.68,,NAO,19.6,36.6324,34.8,TARA_004_SRF_0.22-1.6,TARA_004,,TARA_004,20.5251,8.97
ERR598955,43.1,,0.078,16/04/2011 16:09,5.0,,ERS487899,-0.02,surface water layer (ENVO:00002042),0.34,0.03,23.9,,21.1,0.05,,0.7,2.68,,NAO,19.6,36.6324,34.8,TARA_004_SRF_0.22-1.6,TARA_004,,TARA_004,20.5251,8.97
ERR599095,41.8,,0.090621,15/04/2011 13:10,40.0,,ERS487936,-0.02,deep chlorophyll maximum layer (ENVO:xxxxxxxx),0.34,0.16,5.7,,1.5,0.05,,216.8,0.78,,NAO,1.9,36.63313,35.5,TARA_004_DCM_0.22-1.6,TARA_004,,TARA_004,20.408907,8.97
ERR598950,41.8,,0.090621,15/04/2011 13:10,40.0,,ERS487936,-0.02,deep chlorophyll maximum layer (ENVO:xxxxxxxx),0.34,0.16,5.7,,1.5,0.05,,216.8,0.78,,NAO,1.9,36.63313,35.5,TARA_004_DCM_0.22-1.6,TARA_004,,TARA_004,20.408907,8.97
ERR594288,42.1,,-0.0247,21/04/2011 20:16,5.0,,ERS488119,0.0,surface water layer (ENVO:00002042),1.8,0.32,12.6,,11.7,0.04,,206.0,1.0,,MS,5.0,37.9751,34.7,TARA_009_SRF_0.22-1.6,TARA_009,,TARA_009,23.8526,3.75
ERR594316,42.1,,-0.0247,21/04/2011 20:16,5.0,,ERS488119,0.0,surface water layer (ENVO:00002042),1.8,0.32,12.6,,11.7,0.04,,206.0,1.0,,MS,5.0,37.9751,34.7,TARA_009_SRF_0.22-1.6,TARA_009,,TARA_009,23.8526,3.75
ERR594317,42.1,,-0.0247,21/04/2011 20:16,5.0,,ERS488119,0.0,surface water layer (ENVO:00002042),1.8,0.32,12.6,,11.7,0.04,,206.0,1.0,,MS,5.0,37.9751,34.7,TARA_009_SRF_0.22-1.6,TARA_009,,TARA_009,23.8526,3.75
ERR594329,44.4,,0.434367,22/04/2011 14:16,55.0,,ERS488147,0.0,deep chlorophyll maximum layer (ENVO:xxxxxxxx),1.8,0.01,39.2,,40.0,0.04,,4.4,2.85,,MS,40.6,37.8232,34.7,TARA_009_DCM_0.22-1.6,TARA_009,,TARA_009,16.151933,3.75
ERR594315,44.4,,0.434367,22/04/2011 14:16,55.0,,ERS488147,0.0,deep chlorophyll maximum layer (ENVO:xxxxxxxx),1.8,0.01,39.2,,40.0,0.04,,4.4,2.85,,MS,40.6,37.8232,34.7,TARA_009_DCM_0.22-1.6,TARA_009,,TARA_009,16.151933,3.75
ERR598993,51.7,,0.048898,13/05/2011 19:44,5.0,,ERS488330,0.01,surface water layer (ENVO:00002042),2.22,0.02,35.3,,33.9,0.02,207.791417,2.5,2.58,,MS,36.3,37.89245,34.8,TARA_018_SRF_0.22-1.6,TARA_018,,TARA_018,21.4395,11.36
ERR599140,51.7,,0.048898,13/05/2011 19:44,5.0,,ERS488330,0.01,surface water layer (ENVO:00002042),2.22,0.02,35.3,,33.9,0.02,207.791417,2.5,2.58,,MS,36.3,37.89245,34.8,TARA_018_SRF_0.22-1.6,TARA_018,,TARA_018,21.4395,11.36
ERR594358,51.5,,0.048898,12/05/2011 13:38,5.0,,ERS488340,0.01,surface water layer (ENVO:00002042),2.22,0.04,0.9,,1.2,0.02,207.791417,198.6,0.27,,MS,1.7,37.89245,33.4,TARA_018_SRF_<-0.22,TARA_018,,TARA_018,21.4395,11.36
ERR599092,51.7,,0.132494,13/05/2011 0:00,60.0,,ERS488346,0.01,deep chlorophyll maximum layer (ENVO:xxxxxxxx),2.22,0.11,4.6,,3.9,0.02,237.8893,203.1,0.5,,MS,3.2,37.89241,34.3,TARA_018_DCM_0.22-1.6,TARA_018,,TARA_018,18.36839,11.36
ERR599073,51.7,,0.132494,13/05/2011 0:00,60.0,,ERS488346,0.01,deep chlorophyll maximum layer (ENVO:xxxxxxxx),2.22,0.11,4.6,,3.9,0.02,237.8893,203.1,0.5,,MS,3.2,37.89241,34.3,TARA_018_DCM_0.22-1.6,TARA_018,,TARA_018,18.36839,11.36
ERR594352,51.7,,0.132494,13/05/2011 0:00,60.0,,ERS488354,0.01,deep chlorophyll maximum layer (ENVO:xxxxxxxx),2.22,0.11,4.6,,3.9,0.02,237.8893,203.1,0.5,,MS,3.2,37.89241,34.3,TARA_018_DCM_<-0.22,TARA_018,,TARA_018,18.36839,11.36
ERR594406,51.5,,0.180911,12/05/2011 13:38,5.0,,ERS488448,0.01,surface water layer (ENVO:00002042),2.22,0.04,0.9,,1.2,0.02,220.927083,198.6,0.27,,MS,1.7,37.759667,33.4,TARA_022_SRF_<-0.22,TARA_022,,TARA_022,17.041483,11.36
ERR594378,51.5,,0.180911,12/05/2011 13:38,5.0,,ERS488448,0.01,surface water layer (ENVO:00002042),2.22,0.04,0.9,,1.2,0.02,220.927083,198.6,0.27,,MS,1.7,37.759667,33.4,TARA_022_SRF_<-0.22,TARA_022,,TARA_022,17.041483,11.36
ERR598951,34.2,,0.121845,31/05/2011 14:12,5.0,,ERS488486,-0.05,surface water layer (ENVO:00002042),1.04,0.04,2.68,,2.6,0.0,218.016833,208.9,0.5,,MS,1.0,38.182917,36.0,TARA_025_SRF_0.22-1.6,TARA_025,,TARA_025,18.342533,69.36
ERR599043,34.2,,0.121845,31/05/2011 14:12,5.0,,ERS488486,-0.05,surface water layer (ENVO:00002042),1.04,0.04,2.68,,2.6,0.0,218.016833,208.9,0.5,,MS,1.0,38.182917,36.0,TARA_025_SRF_0.22-1.6,TARA_025,,TARA_025,18.342533,69.36
ERR594396,24.9,,0.121845,15/06/2011 2:29,5.0,,ERS488499,-0.06,surface water layer (ENVO:00002042),0.44,0.0,0.02,,0.5,0.03,218.016833,207.1,0.11,,MS,0.7,38.182917,35.9,TARA_025_SRF_<-0.22,TARA_025,,TARA_025,18.342533,17.22
ERR599094,35.5,,0.201016,31/05/2011 21:23,50.0,,ERS488509,-0.05,deep chlorophyll maximum layer (ENVO:xxxxxxxx),1.04,0.2,0.93,,1.4,0.0,229.547682,211.5,0.44,,MS,0.9,38.475705,35.7,TARA_025_DCM_0.22-1.6,TARA_025,,TARA_025,15.161277,69.36
ERR599153,35.5,,0.201016,31/05/2011 21:23,50.0,,ERS488509,-0.05,deep chlorophyll maximum layer (ENVO:xxxxxxxx),1.04,0.2,0.93,,1.4,0.0,229.547682,211.5,0.44,,MS,0.9,38.475705,35.7,TARA_025_DCM_0.22-1.6,TARA_025,,TARA_025,15.161277,69.36
ERR594375,34.4,,0.201016,01/06/2011 18:24,50.0,,ERS488518,-0.05,deep chlorophyll maximum layer (ENVO:xxxxxxxx),1.04,0.01,34.61,,30.4,0.0,229.547682,3.2,2.73,,MS,26.0,38.475705,34.7,TARA_025_DCM_<-0.22,TARA_025,,TARA_025,15.161277,69.36
ERR599106,39.6,,0.048898,28/07/2011 19:36,5.0,,ERS488545,0.0,surface water layer (ENVO:00002042),,0.1,2.8,-0.137284,2.3,0.02,188.763583,179.9,0.59,,RS,1.8,39.981867,36.1,TARA_031_SRF_0.22-1.6,TARA_031,,TARA_031,25.0621,8.42
ERR598969,39.6,,0.048898,28/07/2011 19:36,5.0,,ERS488545,0.0,surface water layer (ENVO:00002042),,0.1,2.8,-0.137284,2.3,0.02,188.763583,179.9,0.59,,RS,1.8,39.981867,36.1,TARA_031_SRF_0.22-1.6,TARA_031,,TARA_031,25.0621,8.42
ERR594410,39.6,,0.048898,28/07/2011 19:36,5.0,,ERS488558,0.0,surface water layer (ENVO:00002042),,0.1,2.8,-0.137284,2.3,0.02,188.763583,179.9,0.59,,RS,1.8,39.981867,36.1,TARA_031_SRF_<-0.22,TARA_031,,TARA_031,25.0621,8.42
ERR594401,39.6,,0.048898,28/07/2011 19:36,5.0,,ERS488558,0.0,surface water layer (ENVO:00002042),,0.1,2.8,-0.137284,2.3,0.02,188.763583,179.9,0.59,,RS,1.8,39.981867,36.1,TARA_031_SRF_<-0.22,TARA_031,,TARA_031,25.0621,8.42
ERR599155,40.5,,0.0,27/07/2011 23:48,5.0,,ERS488569,0.0,surface water layer (ENVO:00002042),,0.02,34.63,-0.5419189999999999,42.5,0.02,188.416583,38.1,2.43,,RS,22.49,39.74725,34.6,TARA_032_SRF_0.22-1.6,TARA_032,,TARA_032,25.824383,8.42
ERR599116,40.5,,0.0,27/07/2011 23:48,5.0,,ERS488569,0.0,surface water layer (ENVO:00002042),,0.02,34.63,-0.5419189999999999,42.5,0.02,188.416583,38.1,2.43,,RS,22.49,39.74725,34.6,TARA_032_SRF_0.22-1.6,TARA_032,,TARA_032,25.824383,8.42
ERR599041,40.5,,0.0,27/07/2011 23:48,5.0,,ERS488569,0.0,surface water layer (ENVO:00002042),,0.02,34.63,-0.5419189999999999,42.5,0.02,188.416583,38.1,2.43,,RS,22.49,39.74725,34.6,TARA_032_SRF_0.22-1.6,TARA_032,,TARA_032,25.824383,8.42
ERR594393,40.5,,0.0,27/07/2011 23:48,5.0,,ERS488589,0.0,surface water layer (ENVO:00002042),,0.02,34.63,-0.5419189999999999,42.5,0.02,188.416583,38.1,2.43,,RS,22.49,39.74725,34.6,TARA_032_SRF_<-0.22,TARA_032,,TARA_032,25.824383,8.42
ERR599097,39.6,,0.224444,28/07/2011 19:36,80.0,,ERS488599,0.0,deep chlorophyll maximum layer (ENVO:xxxxxxxx),,0.1,2.8,1.201064,2.3,0.02,179.968,179.9,0.59,,RS,1.8,40.196433,36.1,TARA_032_DCM_0.22-1.6,TARA_032,,TARA_032,26.050367,8.42
ERR599061,39.6,,0.224444,28/07/2011 19:36,80.0,,ERS488599,0.0,deep chlorophyll maximum layer (ENVO:xxxxxxxx),,0.1,2.8,1.201064,2.3,0.02,179.968,179.9,0.59,,RS,1.8,40.196433,36.1,TARA_032_DCM_0.22-1.6,TARA_032,,TARA_032,26.050367,8.42
ERR594360,40.5,,0.224444,27/07/2011 23:48,80.0,,ERS488613,0.0,deep chlorophyll maximum layer (ENVO:xxxxxxxx),,0.02,34.63,1.201064,42.5,0.02,179.968,38.1,2.43,,RS,22.49,40.196433,34.6,TARA_032_DCM_<-0.22,TARA_032,,TARA_032,26.050367,8.42
ERR599134,40.5,,0.163228,27/07/2011 23:48,5.0,,ERS488621,0.0,surface water layer (ENVO:00002042),,0.02,34.63,-0.000271,42.5,0.02,182.812167,38.1,2.43,,RS,22.49,38.937417,34.6,TARA_033_SRF_0.22-1.6,TARA_033,,TARA_033,27.329517,8.42
ERR599049,40.5,,0.163228,27/07/2011 23:48,5.0,,ERS488621,0.0,surface water layer (ENVO:00002042),,0.02,34.63,-0.000271,42.5,0.02,182.812167,38.1,2.43,,RS,22.49,38.937417,34.6,TARA_033_SRF_0.22-1.6,TARA_033,,TARA_033,27.329517,8.42
ERR598991,40.2,,0.186697,26/07/2011 17:34,5.0,,ERS488649,0.0,surface water layer (ENVO:00002042),,0.12,5.46,-0.9270870000000001,4.0,0.02,184.061167,186.2,0.57,,RS,2.19,38.646858,35.4,TARA_034_SRF_0.22-1.6,TARA_034,,TARA_034,27.59865,8.42
ERR598959,40.2,,0.186697,26/07/2011 17:34,5.0,,ERS488649,0.0,surface water layer (ENVO:00002042),,0.12,5.46,-0.9270870000000001,4.0,0.02,184.061167,186.2,0.57,,RS,2.19,38.646858,35.4,TARA_034_SRF_0.22-1.6,TARA_034,,TARA_034,27.59865,8.42
ERR594328,40.2,,0.186697,26/07/2011 17:34,5.0,,ERS488658,0.0,surface water layer (ENVO:00002042),,0.12,5.46,-0.9270870000000001,4.0,0.02,184.061167,186.2,0.57,,RS,2.19,38.646858,35.4,TARA_034_SRF_0.1-0.22,TARA_034,,TARA_034,27.59865,8.42
ERR594368,45.2,,0.186697,31/07/2011 17:24,5.0,,ERS488673,0.02,surface water layer (ENVO:00002042),,0.14,4.9,-0.9270870000000001,3.9,0.04,184.061167,189.8,0.53,,RS,2.22,38.646858,35.4,TARA_034_SRF_<-0.22,TARA_034,,TARA_034,27.59865,0.0
ERR594370,45.2,,0.186697,31/07/2011 17:24,5.0,,ERS488673,0.02,surface water layer (ENVO:00002042),,0.14,4.9,-0.9270870000000001,3.9,0.04,184.061167,189.8,0.53,,RS,2.22,38.646858,35.4,TARA_034_SRF_<-0.22,TARA_034,,TARA_034,27.59865,0.0
ERR598975,40.2,,0.181406,26/07/2011 17:34,60.0,,ERS488685,0.0,deep chlorophyll maximum layer (ENVO:xxxxxxxx),,0.12,5.46,0.08645,4.0,0.02,175.384083,186.2,0.57,,RS,2.19,38.916583,35.4,TARA_034_DCM_0.22-1.6,TARA_034,,TARA_034,27.589917,8.42
ERR599111,40.2,,0.181406,26/07/2011 17:34,60.0,,ERS488685,0.0,deep chlorophyll maximum layer (ENVO:xxxxxxxx),,0.12,5.46,0.08645,4.0,0.02,175.384083,186.2,0.57,,RS,2.19,38.916583,35.4,TARA_034_DCM_0.22-1.6,TARA_034,,TARA_034,27.589917,8.42
ERR594390,40.2,,0.181406,26/07/2011 17:34,60.0,,ERS488701,0.0,deep chlorophyll maximum layer (ENVO:xxxxxxxx),,0.12,5.46,0.08645,4.0,0.02,175.384083,186.2,0.57,,RS,2.19,38.916583,35.4,TARA_034_DCM_<-0.22,TARA_034,,TARA_034,27.589917,8.42
ERR599143,45.2,,0.129697,01/08/2011 20:13,5.0,,ERS488714,0.02,surface water layer (ENVO:00002042),,1.47,5.43,,5.0,0.04,104.908417,161.3,0.66,,IO,1.19,36.530058,35.9,TARA_036_SRF_0.22-1.6,TARA_036,,TARA_036,25.581433,0.0
ERR598966,45.2,,0.129697,01/08/2011 20:13,5.0,,ERS488714,0.02,surface water layer (ENVO:00002042),,1.47,5.43,,5.0,0.04,104.908417,161.3,0.66,,IO,1.19,36.530058,35.9,TARA_036_SRF_0.22-1.6,TARA_036,,TARA_036,25.581433,0.0
ERR594334,45.2,,0.129697,01/08/2011 20:13,5.0,,ERS488722,0.02,surface water layer (ENVO:00002042),,1.47,5.43,,5.0,0.04,104.908417,161.3,0.66,,IO,1.19,36.530058,35.9,TARA_036_SRF_0.1-0.22,TARA_036,,TARA_036,25.581433,0.0
ERR594369,45.2,,0.129697,01/08/2011 20:13,5.0,,ERS488737,0.02,surface water layer (ENVO:00002042),,1.47,5.43,,5.0,0.04,104.908417,161.3,0.66,,IO,1.19,36.530058,35.9,TARA_036_SRF_<-0.22,TARA_036,,TARA_036,25.581433,0.0
ERR598974,45.2,,0.353707,31/07/2011 17:24,17.0,,ERS488747,0.02,deep chlorophyll maximum layer (ENVO:xxxxxxxx),,0.14,4.9,0.367767,3.9,0.04,211.606583,189.8,0.53,,IO,2.22,36.549267,35.4,TARA_036_DCM_0.22-1.6,TARA_036,,TARA_036,25.37395,0.0
ERR599028,45.2,,0.353707,31/07/2011 17:24,17.0,,ERS488747,0.02,deep chlorophyll maximum layer (ENVO:xxxxxxxx),,0.14,4.9,0.367767,3.9,0.04,211.606583,189.8,0.53,,IO,2.22,36.549267,35.4,TARA_036_DCM_0.22-1.6,TARA_036,,TARA_036,25.37395,0.0
ERR594402,45.2,,0.353707,31/07/2011 17:24,17.0,,ERS488757,0.02,deep chlorophyll maximum layer (ENVO:xxxxxxxx),,0.14,4.9,0.367767,3.9,0.04,211.606583,189.8,0.53,,IO,2.22,36.549267,35.4,TARA_036_DCM_<-0.22,TARA_036,,TARA_036,25.37395,0.0
ERR599062,,,0.005649,05/08/2011 0:27,600.0,,ERS488769,0.02,mesopelagic zone (ENVO:00000213) & marine oxygen minimum zone (ENVO:01000065),,0.16,6.18,31.802451,5.1,0.04,1.63999,190.7,0.63,,IO,2.52,35.693546,35.4,TARA_037_MES_0.22-1.6,TARA_037,,TARA_037,12.066048,0.0
ERR599031,,,0.005649,05/08/2011 0:27,600.0,,ERS488769,0.02,mesopelagic zone (ENVO:00000213) & marine oxygen minimum zone (ENVO:01000065),,0.16,6.18,31.802451,5.1,0.04,1.63999,190.7,0.63,,IO,2.52,35.693546,35.4,TARA_037_MES_0.22-1.6,TARA_037,,TARA_037,12.066048,0.0
ERR594345,45.2,,0.005649,01/08/2011 20:13,600.0,,ERS488773,0.02,mesopelagic zone (ENVO:00000213) & marine oxygen minimum zone (ENVO:01000065),,1.47,5.43,31.802451,5.0,0.04,1.63999,161.3,0.66,,IO,1.19,35.693546,35.9,TARA_037_MES_0.1-0.22,TARA_037,,TARA_037,12.066048,0.0
ERR594290,45.2,,0.005649,01/08/2011 20:13,600.0,,ERS488773,0.02,mesopelagic zone (ENVO:00000213) & marine oxygen minimum zone (ENVO:01000065),,1.47,5.43,31.802451,5.0,0.04,1.63999,161.3,0.66,,IO,1.19,35.693546,35.9,TARA_037_MES_0.1-0.22,TARA_037,,TARA_037,12.066048,0.0
ERR599158,,,0.161808,05/08/2011 19:30,5.0,,ERS488799,0.02,surface water layer (ENVO:00002042),,0.35,1.21,0.889376,4.5,0.04,199.9355,175.9,0.49,,IO,1.47,36.617917,35.8,TARA_038_SRF_0.22-1.6,TARA_038,,TARA_038,26.2314,0.0
ERR599102,,,0.161808,05/08/2011 19:30,5.0,,ERS488799,0.02,surface water layer (ENVO:00002042),,0.35,1.21,0.889376,4.5,0.04,199.9355,175.9,0.49,,IO,1.47,36.617917,35.8,TARA_038_SRF_0.22-1.6,TARA_038,,TARA_038,26.2314,0.0
ERR594330,,,0.161808,05/08/2011 19:30,5.0,,ERS488803,0.02,surface water layer (ENVO:00002042),,0.35,1.21,0.889376,4.5,0.04,199.9355,175.9,0.49,,IO,1.47,36.617917,35.8,TARA_038_SRF_0.1-0.22,TARA_038,,TARA_038,26.2314,0.0
ERR594400,,,0.161808,05/08/2011 19:30,5.0,,ERS488813,0.02,surface water layer (ENVO:00002042),,0.35,1.21,0.889376,4.5,0.04,199.9355,175.9,0.49,,IO,1.47,36.617917,35.8,TARA_038_SRF_<-0.22,TARA_038,,TARA_038,26.2314,0.0
ERR594374,,,0.161808,05/08/2011 19:30,5.0,,ERS488813,0.02,surface water layer (ENVO:00002042),,0.35,1.21,0.889376,4.5,0.04,199.9355,175.9,0.49,,IO,1.47,36.617917,35.8,TARA_038_SRF_<-0.22,TARA_038,,TARA_038,26.2314,0.0
ERR598949,,,0.604752,05/08/2011 0:27,25.0,,ERS488830,0.02,deep chlorophyll maximum layer (ENVO:xxxxxxxx),,0.16,6.18,1.230122,5.1,0.04,154.699917,190.7,0.63,,IO,2.52,,35.4,TARA_038_DCM_0.22-1.6,TARA_038,,TARA_038,25.494408,0.0
ERR599082,,,0.604752,05/08/2011 0:27,25.0,,ERS488830,0.02,deep chlorophyll maximum layer (ENVO:xxxxxxxx),,0.16,6.18,1.230122,5.1,0.04,154.699917,190.7,0.63,,IO,2.52,,35.4,TARA_038_DCM_0.22-1.6,TARA_038,,TARA_038,25.494408,0.0
ERR594399,,,0.604752,05/08/2011 0:27,25.0,,ERS488836,0.02,deep chlorophyll maximum layer (ENVO:xxxxxxxx),,0.16,6.18,1.230122,5.1,0.04,154.699917,190.7,0.63,,IO,2.52,,35.4,TARA_038_DCM_<-0.22,TARA_038,,TARA_038,25.494408,0.0
ERR594386,,,0.604752,05/08/2011 0:27,25.0,,ERS488836,0.02,deep chlorophyll maximum layer (ENVO:xxxxxxxx),,0.16,6.18,1.230122,5.1,0.04,154.699917,190.7,0.63,,IO,2.52,,35.4,TARA_038_DCM_<-0.22,TARA_038,,TARA_038,25.494408,0.0
ERR599167,,,0.014107,05/08/2011 19:30,340.0,,ERS488849,0.02,mesopelagic zone (ENVO:00000213) & marine oxygen minimum zone (ENVO:01000065),,0.35,1.21,22.444602,4.5,0.04,2.369225,175.9,0.49,,IO,1.47,36.021302,35.8,TARA_038_MES_0.22-1.6,TARA_038,,TARA_038,14.987618,0.0
ERR599109,,,0.014107,05/08/2011 19:30,340.0,,ERS488849,0.02,mesopelagic zone (ENVO:00000213) & marine oxygen minimum zone (ENVO:01000065),,0.35,1.21,22.444602,4.5,0.04,2.369225,175.9,0.49,,IO,1.47,36.021302,35.8,TARA_038_MES_0.22-1.6,TARA_038,,TARA_038,14.987618,0.0
ERR594312,,,0.014107,05/08/2011 0:27,340.0,,ERS488853,0.02,mesopelagic zone (ENVO:00000213) & marine oxygen minimum zone (ENVO:01000065),,0.16,6.18,22.444602,5.1,0.04,2.369225,190.7,0.63,,IO,2.52,36.021302,35.4,TARA_038_MES_0.1-0.22,TARA_038,,TARA_038,14.987618,0.0
ERR594327,,,0.099089,09/08/2011 19:06,5.0,,ERS488879,-0.01,surface water layer (ENVO:00002042),0.14,0.06,3.15,-1.415582,3.7,0.0,193.3535,160.5,0.56,,IO,1.34,36.285367,36.3,TARA_039_SRF_0.1-0.22,TARA_039,,TARA_039,26.81765,2.78
ERR594365,,,0.099089,09/08/2011 19:06,5.0,,ERS488892,-0.01,surface water layer (ENVO:00002042),0.14,0.06,3.15,-1.415582,3.7,0.0,193.3535,160.5,0.56,,IO,1.34,36.285367,36.3,TARA_039_SRF_<-0.22,TARA_039,,TARA_039,26.81765,2.78
ERR594356,,,0.099089,09/08/2011 19:06,5.0,,ERS488892,-0.01,surface water layer (ENVO:00002042),0.14,0.06,3.15,-1.415582,3.7,0.0,193.3535,160.5,0.56,,IO,1.34,36.285367,36.3,TARA_039_SRF_<-0.22,TARA_039,,TARA_039,26.81765,2.78
ERR599145,,,0.17638,08/08/2011 17:38,25.0,,ERS488916,-0.01,deep chlorophyll maximum layer (ENVO:xxxxxxxx),0.14,0.19,3.73,-0.611888,5.0,0.0,192.95875,187.3,0.56,,IO,1.8,36.332317,35.4,TARA_039_DCM_0.22-1.6,TARA_039,,TARA_039,26.812225,2.78
ERR594397,,,0.17638,08/08/2011 17:38,25.0,,ERS488929,-0.01,deep chlorophyll maximum layer (ENVO:xxxxxxxx),0.14,0.19,3.73,-0.611888,5.0,0.0,192.95875,187.3,0.56,,IO,1.8,36.332317,35.4,TARA_039_DCM_<-0.22,TARA_039,,TARA_039,26.812225,2.78
ERR594363,,,0.17638,08/08/2011 17:38,25.0,,ERS488929,-0.01,deep chlorophyll maximum layer (ENVO:xxxxxxxx),0.14,0.19,3.73,-0.611888,5.0,0.0,192.95875,187.3,0.56,,IO,1.8,36.332317,35.4,TARA_039_DCM_<-0.22,TARA_039,,TARA_039,26.812225,2.78
ERR599172,,,0.006724,08/08/2011 17:38,270.0,,ERS488936,-0.01,mesopelagic zone (ENVO:00000213) & marine oxygen minimum zone (ENVO:01000065),0.14,0.19,3.73,19.566542000000002,5.0,0.0,2.303017,187.3,0.56,,IO,1.8,35.901885,35.4,TARA_039_MES_0.22-1.6,TARA_039,,TARA_039,15.614195,2.78
ERR599037,,,0.006724,08/08/2011 17:38,270.0,,ERS488936,-0.01,mesopelagic zone (ENVO:00000213) & marine oxygen minimum zone (ENVO:01000065),0.14,0.19,3.73,19.566542000000002,5.0,0.0,2.303017,187.3,0.56,,IO,1.8,35.901885,35.4,TARA_039_MES_0.22-1.6,TARA_039,,TARA_039,15.614195,2.78
ERR594346,,,0.006724,08/08/2011 17:38,270.0,,ERS488945,-0.01,mesopelagic zone (ENVO:00000213) & marine oxygen minimum zone (ENVO:01000065),0.14,0.19,3.73,19.566542000000002,5.0,0.0,2.303017,187.3,0.56,,IO,1.8,35.901885,35.4,TARA_039_MES_0.1-0.22,TARA_039,,TARA_039,15.614195,2.78
ERR599011,,,0.020173,04/09/2011 18:04,5.0,,ERS489043,0.01,surface water layer (ENVO:00002042),0.26,0.27,5.08,-1.343153,2.5,0.0,187.42925,179.9,0.54,,IO,2.67,36.024883,35.1,TARA_041_SRF_0.22-1.6,TARA_041,,TARA_041,29.089367,0.0
ERR599074,,,0.020173,04/09/2011 18:04,5.0,,ERS489043,0.01,surface water layer (ENVO:00002042),0.26,0.27,5.08,-1.343153,2.5,0.0,187.42925,179.9,0.54,,IO,2.67,36.024883,35.1,TARA_041_SRF_0.22-1.6,TARA_041,,TARA_041,29.089367,0.0
ERR594295,,,0.020173,04/09/2011 23:14,5.0,,ERS489047,0.01,surface water layer (ENVO:00002042),0.26,0.28,5.26,-1.343153,4.4,0.0,187.42925,177.0,0.55,,IO,2.74,36.024883,35.1,TARA_041_SRF_0.1-0.22,TARA_041,,TARA_041,29.089367,0.0
ERR594384,,,0.020173,05/10/2011 1:55,5.0,,ERS489059,0.03,surface water layer (ENVO:00002042),,0.02,0.05,-1.343153,0.7,0.06,187.42925,225.5,0.13,,IO,4.45,36.024883,34.4,TARA_041_SRF_<-0.22,TARA_041,,TARA_041,29.089367,1.39
ERR599053,,,0.47554,09/08/2011 19:06,60.0,,ERS489074,-0.01,deep chlorophyll maximum layer (ENVO:xxxxxxxx),0.14,0.06,3.15,-0.224514,3.7,0.0,148.328125,160.5,0.56,,IO,1.34,36.496162,36.3,TARA_041_DCM_0.22-1.6,TARA_041,,TARA_041,27.117663,2.78
ERR598977,,,0.47554,09/08/2011 19:06,60.0,,ERS489074,-0.01,deep chlorophyll maximum layer (ENVO:xxxxxxxx),0.14,0.06,3.15,-0.224514,3.7,0.0,148.328125,160.5,0.56,,IO,1.34,36.496162,36.3,TARA_041_DCM_0.22-1.6,TARA_041,,TARA_041,27.117663,2.78
ERR594367,,,0.47554,09/08/2011 19:06,60.0,,ERS489084,-0.01,deep chlorophyll maximum layer (ENVO:xxxxxxxx),0.14,0.06,3.15,-0.224514,3.7,0.0,148.328125,160.5,0.56,,IO,1.34,36.496162,36.3,TARA_041_DCM_<-0.22,TARA_041,,TARA_041,27.117663,2.78
ERR594366,,,0.47554,09/08/2011 19:06,60.0,,ERS489084,-0.01,deep chlorophyll maximum layer (ENVO:xxxxxxxx),0.14,0.06,3.15,-0.224514,3.7,0.0,148.328125,160.5,0.56,,IO,1.34,36.496162,36.3,TARA_041_DCM_<-0.22,TARA_041,,TARA_041,27.117663,2.78
ERR594371,,,0.47554,09/08/2011 19:06,60.0,,ERS489084,-0.01,deep chlorophyll maximum layer (ENVO:xxxxxxxx),0.14,0.06,3.15,-0.224514,3.7,0.0,148.328125,160.5,0.56,,IO,1.34,36.496162,36.3,TARA_041_DCM_<-0.22,TARA_041,,TARA_041,27.117663,2.78
ERR594372,,,0.47554,09/08/2011 19:06,60.0,,ERS489084,-0.01,deep chlorophyll maximum layer (ENVO:xxxxxxxx),0.14,0.06,3.15,-0.224514,3.7,0.0,148.328125,160.5,0.56,,IO,1.34,36.496162,36.3,TARA_041_DCM_<-0.22,TARA_041,,TARA_041,27.117663,2.78
ERR594373,,,0.47554,09/08/2011 19:06,60.0,,ERS489084,-0.01,deep chlorophyll maximum layer (ENVO:xxxxxxxx),0.14,0.06,3.15,-0.224514,3.7,0.0,148.328125,160.5,0.56,,IO,1.34,36.496162,36.3,TARA_041_DCM_<-0.22,TARA_041,,TARA_041,27.117663,2.78
ERR599075,,,0.006724,19/10/2011 2:53,5.0,,ERS489087,-0.16,surface water layer (ENVO:00002042),,0.08,1.3,-1.47882,4.8,0.03,189.25475,227.7,0.46,,IO,2.84,34.56155,33.2,TARA_042_SRF_0.22-1.6,TARA_042,,TARA_042,29.980283,40.67
ERR599141,,,0.006724,19/10/2011 2:53,5.0,,ERS489087,-0.16,surface water layer (ENVO:00002042),,0.08,1.3,-1.47882,4.8,0.03,189.25475,227.7,0.46,,IO,2.84,34.56155,33.2,TARA_042_SRF_0.22-1.6,TARA_042,,TARA_042,29.980283,40.67
ERR594398,,,0.006724,19/10/2011 21:20,5.0,,ERS489113,-0.16,surface water layer (ENVO:00002042),,0.0,44.24,-1.47882,44.1,0.03,189.25475,8.6,3.29,,IO,113.32,34.56155,34.3,TARA_042_SRF_<-0.22,TARA_042,,TARA_042,29.980283,40.67
ERR594403,,,0.006724,19/10/2011 21:20,5.0,,ERS489113,-0.16,surface water layer (ENVO:00002042),,0.0,44.24,-1.47882,44.1,0.03,189.25475,8.6,3.29,,IO,113.32,34.56155,34.3,TARA_042_SRF_<-0.22,TARA_042,,TARA_042,29.980283,40.67
ERR599130,,,0.388348,05/10/2011 21:53,80.0,,ERS489134,0.03,deep chlorophyll maximum layer (ENVO:xxxxxxxx),,0.0,17.49,0.569531,29.1,0.06,132.77885,138.7,1.22,,IO,22.34,35.103505,34.0,TARA_042_DCM_0.22-1.6,TARA_042,,TARA_042,27.723425,1.39
ERR599013,,,0.388348,05/10/2011 21:53,80.0,,ERS489134,0.03,deep chlorophyll maximum layer (ENVO:xxxxxxxx),,0.0,17.49,0.569531,29.1,0.06,132.77885,138.7,1.22,,IO,22.34,35.103505,34.0,TARA_042_DCM_0.22-1.6,TARA_042,,TARA_042,27.723425,1.39
ERR594413,,,0.388348,04/10/2011 17:49,80.0,,ERS489148,0.03,deep chlorophyll maximum layer (ENVO:xxxxxxxx),,0.0,0.01,0.569531,-1.0,0.06,132.77885,197.7,0.01,,IO,2.43,35.103505,35.2,TARA_042_DCM_<-0.22,TARA_042,,TARA_042,27.723425,1.39
ERR599054,,,0.026898,18/10/2011 18:58,5.0,,ERS489236,-0.16,surface water layer (ENVO:00002042),,0.0,0.02,2.575786,-0.7,0.03,185.243833,224.4,0.29,,IO,1.91,35.091133,33.1,TARA_045_SRF_0.22-1.6,TARA_045,,TARA_045,30.496383,40.67
ERR599045,,,0.026898,18/10/2011 18:58,5.0,,ERS489236,-0.16,surface water layer (ENVO:00002042),,0.0,0.02,2.575786,-0.7,0.03,185.243833,224.4,0.29,,IO,1.91,35.091133,33.1,TARA_045_SRF_0.22-1.6,TARA_045,,TARA_045,30.496383,40.67
ERR594376,40.6,,0.121909,02/12/2011 17:44,5.0,,ERS489285,0.05,surface water layer (ENVO:00002042),,0.31,6.05,0.477267,11.0,0.03,185.733167,95.4,0.88,,IO,4.66,35.111283,34.4,TARA_046_SRF_<-0.22,TARA_046,,TARA_046,30.12565,2.67
ERR599138,33.6,,0.0,02/12/2011 14:10,5.0,,ERS489315,0.05,surface water layer (ENVO:00002042),,0.07,2.44,-2.201764,3.2,0.03,187.2575,195.1,0.46,,IO,2.54,34.1689,33.9,TARA_048_SRF_0.22-1.6,TARA_048,,TARA_048,29.818233,2.67
ERR599019,33.6,,0.0,02/12/2011 14:10,5.0,,ERS489315,0.05,surface water layer (ENVO:00002042),,0.07,2.44,-2.201764,3.2,0.03,187.2575,195.1,0.46,,IO,2.54,34.1689,33.9,TARA_048_SRF_0.22-1.6,TARA_048,,TARA_048,29.818233,2.67
ERR594314,40.5,,0.0,03/12/2011 16:31,5.0,,ERS489324,0.05,surface water layer (ENVO:00002042),,0.01,34.55,-2.201764,35.7,0.03,187.2575,0.6,2.95,,IO,46.62,34.1689,34.6,TARA_048_SRF_0.1-0.22,TARA_048,,TARA_048,29.818233,2.67
ERR599098,40.6,,0.176565,10/12/2011 13:58,5.0,,ERS489529,-0.11,surface water layer (ENVO:00002042),,0.0,0.0,,-1.2,0.04,191.68,196.9,0.16,,IO,1.19,34.566667,33.4,TARA_052_SRF_0.22-1.6,TARA_052,,TARA_052,27.8684,1.61
ERR599139,40.6,,0.176565,10/12/2011 13:58,5.0,,ERS489529,-0.11,surface water layer (ENVO:00002042),,0.0,0.0,,-1.2,0.04,191.68,196.9,0.16,,IO,1.19,34.566667,33.4,TARA_052_SRF_0.22-1.6,TARA_052,,TARA_052,27.8684,1.61
ERR599002,32.3,,0.394226,11/12/2011 14:14,75.0,,ERS489585,-0.11,deep chlorophyll maximum layer (ENVO:xxxxxxxx),,0.83,12.9,0.244232,22.1,0.04,192.55925,77.0,1.11,,IO,8.07,34.910755,34.6,TARA_052_DCM_0.22-1.6,TARA_052,,TARA_052,24.89426,1.61
ERR599016,32.3,,0.394226,11/12/2011 14:14,75.0,,ERS489585,-0.11,deep chlorophyll maximum layer (ENVO:xxxxxxxx),,0.83,12.9,0.244232,22.1,0.04,192.55925,77.0,1.11,,IO,8.07,34.910755,34.6,TARA_052_DCM_0.22-1.6,TARA_052,,TARA_052,24.89426,1.61
ERR594394,33.7,,0.394226,11/12/2011 22:51,75.0,,ERS489603,-0.11,deep chlorophyll maximum layer (ENVO:xxxxxxxx),,0.01,36.22,0.244232,36.9,0.04,192.55925,0.8,3.16,,IO,52.92,34.910755,34.6,TARA_052_DCM_<-0.22,TARA_052,,TARA_052,24.89426,1.61
ERR599057,35.9,,0.04282,30/12/2011 12:56,5.0,,ERS489712,0.34,surface water layer (ENVO:00002042),,0.0,0.0,,-1.7,0.16,193.05775,195.5,0.01,,IO,2.93,35.003133,34.3,TARA_056_SRF_0.22-3,TARA_056,,TARA_056,27.323117,0.0
ERR599376,,,0.04282,,5.0,,ERS489724,,surface water layer (ENVO:00002042),,,,,,,193.05775,,,,IO,,35.003133,,,TARA_056,,,27.323117,
ERR599112,27.9,,0.0,21/12/2011 16:25,1000.0,,ERS489727,0.22,mesopelagic zone (ENVO:00000213),,0.0,0.0,,-3.8,0.36,87.902,205.3,0.08,,IO,0.54,34.8332,28.9,TARA_056_MES_0.22-3,TARA_056,,TARA_056,6.2402,0.0
ERR599371,,,0.0,,1000.0,,ERS489729,,mesopelagic zone (ENVO:00000213),,,,,,,87.902,,,,IO,,34.8332,,,TARA_056,,,6.2402,
ERR599058,,,0.085544,09/01/2012 21:30,5.0,,ERS489733,-3.49,surface water layer (ENVO:00002042),,0.02,0.06,,0.4,0.06,190.05375,193.0,0.02,,IO,1.17,35.05375,36.2,TARA_057_SRF_0.22-3,TARA_057,,TARA_057,26.965433,43.44
ERR599026,,,0.032278,10/01/2012 16:43,66.0,,ERS489846,-3.49,deep chlorophyll maximum layer (ENVO:xxxxxxxx),,0.0,20.25,,31.9,0.06,190.9649,108.2,1.22,,IO,8.62,,35.2,TARA_058_DCM_0.22-3,TARA_058,,TARA_058,26.34018,43.44
ERR599012,,,0.089746,09/01/2012 12:41,5.0,,ERS489877,-3.49,surface water layer (ENVO:00002042),,0.02,0.05,-0.166794,-2.2,0.06,199.895917,194.3,0.0,,IO,1.22,35.324825,36.2,TARA_062_SRF_0.22-3,TARA_062,,TARA_062,25.080167,43.44
ERR599339,,,0.089746,,5.0,,ERS489904,,surface water layer (ENVO:00002042),,,,-0.166794,,,199.895917,,,,IO,,35.324825,,,TARA_062,,,25.080167,
ERR598970,16.1,,0.162993,27/02/2012 18:43,5.0,,ERS489917,0.01,surface water layer (ENVO:00002042),,0.03,4.13,,4.0,0.03,210.00775,191.8,0.18,,IO,1.62,35.334717,36.6,TARA_064_SRF_0.22-3,TARA_064,,TARA_064,22.165567,1.19
ERR599150,16.1,,0.162993,27/02/2012 18:43,5.0,,ERS489917,0.01,surface water layer (ENVO:00002042),,0.03,4.13,,4.0,0.03,210.00775,191.8,0.18,,IO,1.62,35.334717,36.6,TARA_064_SRF_0.22-3,TARA_064,,TARA_064,22.165567,1.19
ERR599088,16.1,,0.162993,27/02/2012 18:43,5.0,,ERS489917,0.01,surface water layer (ENVO:00002042),,0.03,4.13,,4.0,0.03,210.00775,191.8,0.18,,IO,1.62,35.334717,36.6,TARA_064_SRF_0.22-3,TARA_064,,TARA_064,22.165567,1.19
ERR594392,,,0.162993,24/02/2012 11:41,5.0,,ERS489943,0.01,surface water layer (ENVO:00002042),,0.09,0.15,,,0.03,210.00775,212.6,0.0,,IO,0.73,35.334717,36.6,TARA_064_SRF_<-0.22,TARA_064,,TARA_064,22.165567,1.19
ERR599164,,,0.0,15/02/2012 12:59,1000.0,,ERS489987,-2.38,mesopelagic zone (ENVO:00000213),,0.22,0.74,,0.9,0.08,193.011,214.4,0.02,,IO,0.94,34.57915,36.5,TARA_064_MES_0.22-3,TARA_064,,TARA_064,7.6502,83.42
ERR599021,,,0.0,15/02/2012 12:59,1000.0,,ERS489987,-2.38,mesopelagic zone (ENVO:00000213),,0.22,0.74,,0.9,0.08,193.011,214.4,0.02,,IO,0.94,34.57915,36.5,TARA_064_MES_0.22-3,TARA_064,,TARA_064,7.6502,83.42
ERR599351,,,0.0,,1000.0,,ERS489996,,mesopelagic zone (ENVO:00000213),,,,,,,193.011,,,,IO,,34.57915,,,TARA_064,,,7.6502,
ERR598972,,,0.214573,02/02/2012 12:02,65.0,,ERS490002,-0.16,deep chlorophyll maximum layer (ENVO:xxxxxxxx),,0.11,4.38,-0.11203099999999999,3.5,0.05,207.446227,233.9,0.35,,IO,2.77,35.335545,35.2,TARA_064_DCM_0.22-3,TARA_064,,TARA_064,22.250309,17.22
ERR599025,,,0.214573,02/02/2012 12:02,65.0,,ERS490002,-0.16,deep chlorophyll maximum layer (ENVO:xxxxxxxx),,0.11,4.38,-0.11203099999999999,3.5,0.05,207.446227,233.9,0.35,,IO,2.77,35.335545,35.2,TARA_064_DCM_0.22-3,TARA_064,,TARA_064,22.250309,17.22
ERR599023,,,0.214573,02/02/2012 12:02,65.0,,ERS490002,-0.16,deep chlorophyll maximum layer (ENVO:xxxxxxxx),,0.11,4.38,-0.11203099999999999,3.5,0.05,207.446227,233.9,0.35,,IO,2.77,35.335545,35.2,TARA_064_DCM_0.22-3,TARA_064,,TARA_064,22.250309,17.22
ERR594324,,,0.214573,02/02/2012 20:29,65.0,,ERS490010,-0.16,deep chlorophyll maximum layer (ENVO:xxxxxxxx),,0.01,21.5,-0.11203099999999999,19.9,0.05,207.446227,230.2,1.47,,IO,13.73,35.335545,35.0,TARA_064_DCM_0.1-0.22,TARA_064,,TARA_064,22.250309,17.22
ERR594385,,,0.214573,16/02/2012 14:53,65.0,,ERS490026,-2.38,deep chlorophyll maximum layer (ENVO:xxxxxxxx),,0.0,20.03,-0.11203099999999999,21.8,0.08,207.446227,138.1,1.31,,IO,13.24,35.335545,35.4,TARA_064_DCM_<-0.22,TARA_064,,TARA_064,22.250309,83.42
ERR598979,20.7,,0.215292,09/03/2012 10:13,5.0,,ERS490029,-0.08,surface water layer (ENVO:00002042),,0.02,0.02,,0.3,0.02,207.0439,232.1,0.01,,IO,0.65,35.44666,36.2,TARA_065_SRF_0.22-3,TARA_065,,TARA_065,21.81684,36.94
ERR599146,20.7,,0.215292,09/03/2012 10:13,5.0,,ERS490029,-0.08,surface water layer (ENVO:00002042),,0.02,0.02,,0.3,0.02,207.0439,232.1,0.01,,IO,0.65,35.44666,36.2,TARA_065_SRF_0.22-3,TARA_065,,TARA_065,21.81684,36.94
ERR594320,18.5,,0.215292,09/03/2012 18:49,5.0,,ERS490035,-0.08,surface water layer (ENVO:00002042),,0.01,0.05,,1.6,0.02,207.0439,228.5,0.01,,IO,0.63,35.44666,36.2,TARA_065_SRF_0.1-0.22,TARA_065,,TARA_065,21.81684,36.94
ERR594361,25.1,,0.215292,19/03/2012 16:14,5.0,,ERS490053,0.0,surface water layer (ENVO:00002042),,0.01,18.03,,18.2,0.11,207.0439,175.3,1.12,,IO,10.38,35.44666,35.5,TARA_065_SRF_<-0.22,TARA_065,,TARA_065,21.81684,2.83
ERR594359,25.1,,0.215292,19/03/2012 16:14,5.0,,ERS490053,0.0,surface water layer (ENVO:00002042),,0.01,18.03,,18.2,0.11,207.0439,175.3,1.12,,IO,10.38,35.44666,35.5,TARA_065_SRF_<-0.22,TARA_065,,TARA_065,21.81684,2.83
ERR599034,15.7,,0.0,05/03/2012 11:02,850.0,,ERS490065,-0.18,mesopelagic zone (ENVO:00000213),,0.04,0.17,,-0.3,0.04,197.9725,228.4,0.01,,IO,0.84,34.65115,36.3,TARA_065_MES_0.22-3,TARA_065,,TARA_065,8.4127,22.03
ERR598960,15.7,,0.0,05/03/2012 11:02,850.0,,ERS490065,-0.18,mesopelagic zone (ENVO:00000213),,0.04,0.17,,-0.3,0.04,197.9725,228.4,0.01,,IO,0.84,34.65115,36.3,TARA_065_MES_0.22-3,TARA_065,,TARA_065,8.4127,22.03
ERR598990,13.8,,0.272648,01/03/2012 11:55,30.0,,ERS490085,0.21,deep chlorophyll maximum layer (ENVO:xxxxxxxx),,0.25,0.68,,-1.2,0.05,206.43725,220.2,0.06,,IO,0.8,,36.4,TARA_065_DCM_0.22-3,TARA_065,,TARA_065,21.81495,0.0
ERR599110,13.8,,0.272648,01/03/2012 11:55,30.0,,ERS490085,0.21,deep chlorophyll maximum layer (ENVO:xxxxxxxx),,0.25,0.68,,-1.2,0.05,206.43725,220.2,0.06,,IO,0.8,,36.4,TARA_065_DCM_0.22-3,TARA_065,,TARA_065,21.81495,0.0
ERR599018,13.8,,0.272648,01/03/2012 11:55,30.0,,ERS490085,0.21,deep chlorophyll maximum layer (ENVO:xxxxxxxx),,0.25,0.68,,-1.2,0.05,206.43725,220.2,0.06,,IO,0.8,,36.4,TARA_065_DCM_0.22-3,TARA_065,,TARA_065,21.81495,0.0
ERR594291,15.2,,0.272648,01/03/2012 20:06,30.0,,ERS490089,0.21,deep chlorophyll maximum layer (ENVO:xxxxxxxx),,0.01,21.11,,21.3,0.05,206.43725,155.2,1.36,,IO,11.38,,35.4,TARA_065_DCM_0.1-0.22,TARA_065,,TARA_065,21.81495,0.0
ERR594414,20.5,,0.272648,05/03/2012 21:32,30.0,,ERS490120,-0.18,deep chlorophyll maximum layer (ENVO:xxxxxxxx),,0.04,0.17,,1.2,0.04,206.43725,230.1,0.0,,IO,0.84,,36.2,TARA_065_DCM_<-0.22,TARA_065,,TARA_065,21.81495,22.03
ERR594382,20.5,,0.272648,05/03/2012 21:32,30.0,,ERS490120,-0.18,deep chlorophyll maximum layer (ENVO:xxxxxxxx),,0.04,0.17,,1.2,0.04,206.43725,230.1,0.0,,IO,0.84,,36.2,TARA_065_DCM_<-0.22,TARA_065,,TARA_065,21.81495,22.03
ERR598973,23.2,,0.250054,02/11/2009 12:43,5.0,,ERS490124,0.14,surface water layer (ENVO:00002042),,0.03,0.02,2.450991,,0.0,238.916333,237.9,0.01,,SAO,0.62,35.323317,37.9,TARA_066_SRF_0.22-3,TARA_066,,TARA_066,15.033492,7.67
ERR599068,23.2,,0.250054,02/11/2009 12:43,5.0,,ERS490124,0.14,surface water layer (ENVO:00002042),,0.03,0.02,2.450991,,0.0,238.916333,237.9,0.01,,SAO,0.62,35.323317,37.9,TARA_066_SRF_0.22-3,TARA_066,,TARA_066,15.033492,7.67
ERR599173,23.2,,0.250054,02/11/2009 12:43,5.0,,ERS490124,0.14,surface water layer (ENVO:00002042),,0.03,0.02,2.450991,,0.0,238.916333,237.9,0.01,,SAO,0.62,35.323317,37.9,TARA_066_SRF_0.22-3,TARA_066,,TARA_066,15.033492,7.67
ERR594362,23.2,,0.250054,02/11/2009 12:43,5.0,,ERS490142,0.14,surface water layer (ENVO:00002042),,0.03,0.02,2.450991,,0.0,238.916333,237.9,0.01,,SAO,0.62,35.323317,37.9,TARA_066_SRF_<-0.22,TARA_066,,TARA_066,15.033492,7.67
ERR598982,23.8,,0.424363,19/03/2012 10:42,30.0,,ERS490163,0.0,deep chlorophyll maximum layer (ENVO:xxxxxxxx),,0.31,2.16,,3.0,0.11,240.4135,243.1,0.16,,SAO,1.24,35.3315,36.0,TARA_066_DCM_0.22-3,TARA_066,,TARA_066,15.01895,2.83
ERR599107,23.8,,0.424363,19/03/2012 10:42,30.0,,ERS490163,0.0,deep chlorophyll maximum layer (ENVO:xxxxxxxx),,0.31,2.16,,3.0,0.11,240.4135,243.1,0.16,,SAO,1.24,35.3315,36.0,TARA_066_DCM_0.22-3,TARA_066,,TARA_066,15.01895,2.83
ERR594389,24.8,,0.424363,20/03/2012 12:20,30.0,,ERS490180,0.0,deep chlorophyll maximum layer (ENVO:xxxxxxxx),,0.32,2.26,,3.8,0.11,240.4135,239.4,0.17,,SAO,1.26,35.3315,36.0,TARA_066_DCM_<-0.22,TARA_066,,TARA_066,15.01895,2.83
ERR598994,22.0,,1.551493,02/11/2009 8:18,5.0,,ERS490183,0.14,surface water layer (ENVO:00002042),,0.02,0.12,0.405607,,0.0,249.351417,207.8,0.03,,SAO,0.56,34.845292,37.9,TARA_067_SRF_0.22-3,TARA_067,,TARA_067,12.83445,7.67
ERR599144,22.0,,1.551493,02/11/2009 8:18,5.0,,ERS490183,0.14,surface water layer (ENVO:00002042),,0.02,0.12,0.405607,,0.0,249.351417,207.8,0.03,,SAO,0.56,34.845292,37.9,TARA_067_SRF_0.22-3,TARA_067,,TARA_067,12.83445,7.67
ERR594313,22.0,,1.551493,02/11/2009 8:18,5.0,,ERS490192,0.14,surface water layer (ENVO:00002042),,0.02,0.12,0.405607,,0.0,249.351417,207.8,0.03,,SAO,0.56,34.845292,37.9,TARA_067_SRF_0.22-0.45,TARA_067,,TARA_067,12.83445,7.67
ERR594325,16.1,,1.551493,16/11/2009 8:06,5.0,,ERS490193,-0.64,surface water layer (ENVO:00002042),,0.07,0.21,0.405607,,0.0,249.351417,220.9,0.02,,SAO,2.03,34.845292,37.8,TARA_067_SRF_0.45-0.8,TARA_067,,TARA_067,12.83445,7.75
ERR594395,8.5,,1.551493,18/11/2009 12:42,5.0,,ERS490204,-0.39,surface water layer (ENVO:00002042),,0.01,0.05,0.405607,,0.0,249.351417,224.3,0.01,,SAO,1.05,34.845292,38.4,TARA_067_SRF_<-0.22,TARA_067,,TARA_067,12.83445,1.89
ERR594404,8.5,,1.551493,18/11/2009 12:42,5.0,,ERS490204,-0.39,surface water layer (ENVO:00002042),,0.01,0.05,0.405607,,0.0,249.351417,224.3,0.01,,SAO,1.05,34.845292,38.4,TARA_067_SRF_<-0.22,TARA_067,,TARA_067,12.83445,1.89
ERR599131,13.6,,0.011208,23/11/2009 9:14,700.0,,ERS490230,0.18,mesopelagic zone (ENVO:00000213),,0.0,0.03,25.846888,,0.02,195.168847,218.0,0.01,,SAO,1.05,34.477664,38.2,TARA_068_MES_0.22-3,TARA_068,,TARA_068,7.026748,1.25
ERR598947,13.6,,0.011208,23/11/2009 9:14,700.0,,ERS490230,0.18,mesopelagic zone (ENVO:00000213),,0.0,0.03,25.846888,,0.02,195.168847,218.0,0.01,,SAO,1.05,34.477664,38.2,TARA_068_MES_0.22-3,TARA_068,,TARA_068,7.026748,1.25
ERR594302,13.6,,0.011208,23/11/2009 9:14,700.0,,ERS490238,0.18,mesopelagic zone (ENVO:00000213),,0.0,0.03,25.846888,,0.02,195.168847,218.0,0.01,,SAO,1.05,34.477664,38.2,TARA_068_MES_0.45-0.8,TARA_068,,TARA_068,7.026748,1.25
ERR599129,14.7,,0.201517,15/12/2009 16:17,5.0,,ERS490265,-0.86,surface water layer (ENVO:00002042),,0.01,0.02,,0.3,0.03,231.914833,218.1,0.0,,SAO,0.67,35.68685,39.3,TARA_068_SRF_0.22-3,TARA_068,,TARA_068,16.832058,40.81
ERR599171,14.7,,0.201517,15/12/2009 16:17,5.0,,ERS490265,-0.86,surface water layer (ENVO:00002042),,0.01,0.02,,0.3,0.03,231.914833,218.1,0.0,,SAO,0.67,35.68685,39.3,TARA_068_SRF_0.22-3,TARA_068,,TARA_068,16.832058,40.81
ERR599174,14.7,,0.201517,15/12/2009 16:17,5.0,,ERS490265,-0.86,surface water layer (ENVO:00002042),,0.01,0.02,,0.3,0.03,231.914833,218.1,0.0,,SAO,0.67,35.68685,39.3,TARA_068_SRF_0.22-3,TARA_068,,TARA_068,16.832058,40.81
ERR594318,14.7,,0.201517,15/12/2009 16:17,5.0,,ERS490272,-0.86,surface water layer (ENVO:00002042),,0.01,0.02,,0.3,0.03,231.914833,218.1,0.0,,SAO,0.67,35.68685,39.3,TARA_068_SRF_0.22-0.45,TARA_068,,TARA_068,16.832058,40.81
ERR594297,13.2,,0.201517,15/12/2009 10:40,5.0,,ERS490273,-0.86,surface water layer (ENVO:00002042),,0.0,0.05,,-0.7,0.03,231.914833,207.6,0.0,,SAO,0.82,35.68685,39.4,TARA_068_SRF_0.45-0.8,TARA_068,,TARA_068,16.832058,40.81
ERR594391,28.2,,0.201517,09/01/2010 7:25,5.0,,ERS490285,,surface water layer (ENVO:00002042),,0.01,0.03,,-0.1,0.0,231.914833,188.8,0.02,,SAO,0.82,35.68685,40.0,TARA_068_SRF_<-0.22,TARA_068,,TARA_068,16.832058,0.0
ERR599056,8.5,,0.42458,18/11/2009 12:42,50.0,,ERS490296,-0.39,deep chlorophyll maximum layer (ENVO:xxxxxxxx),,0.01,0.05,,,0.0,231.683361,224.3,0.01,,SAO,1.05,35.687803,38.4,TARA_068_DCM_0.22-3,TARA_068,,TARA_068,16.787411,1.89
ERR599103,8.5,,0.42458,18/11/2009 12:42,50.0,,ERS490296,-0.39,deep chlorophyll maximum layer (ENVO:xxxxxxxx),,0.01,0.05,,,0.0,231.683361,224.3,0.01,,SAO,1.05,35.687803,38.4,TARA_068_DCM_0.22-3,TARA_068,,TARA_068,16.787411,1.89
ERR599017,8.5,,0.42458,18/11/2009 12:42,50.0,,ERS490296,-0.39,deep chlorophyll maximum layer (ENVO:xxxxxxxx),,0.01,0.05,,,0.0,231.683361,224.3,0.01,,SAO,1.05,35.687803,38.4,TARA_068_DCM_0.22-3,TARA_068,,TARA_068,16.787411,1.89
ERR594294,7.7,,0.42458,18/11/2009 8:23,50.0,,ERS490303,-0.39,deep chlorophyll maximum layer (ENVO:xxxxxxxx),,0.01,0.04,,,0.0,231.683361,220.0,0.01,,SAO,1.38,35.687803,38.2,TARA_068_DCM_0.22-0.45,TARA_068,,TARA_068,16.787411,1.89
ERR594348,13.6,,0.42458,23/11/2009 12:40,50.0,,ERS490304,0.18,deep chlorophyll maximum layer (ENVO:xxxxxxxx),,0.07,0.15,,,0.02,231.683361,229.5,0.07,,SAO,1.82,35.687803,38.5,TARA_068_DCM_0.45-0.8,TARA_068,,TARA_068,16.787411,1.25
ERR594415,13.6,,0.42458,23/11/2009 12:40,50.0,,ERS490320,0.18,deep chlorophyll maximum layer (ENVO:xxxxxxxx),,0.07,0.15,,,0.02,231.683361,229.5,0.07,,SAO,1.82,35.687803,38.5,TARA_068_DCM_<-0.22,TARA_068,,TARA_068,16.787411,1.25
ERR599165,24.7,,0.324315,11/01/2010 7:27,5.0,,ERS490327,,surface water layer (ENVO:00002042),,0.01,0.0,0.16801300000000002,-0.5,0.0,215.650833,188.4,0.02,,SAO,0.87,36.376225,39.7,TARA_070_SRF_0.22-3,TARA_070,,TARA_070,19.776808,0.0
ERR599135,24.7,,0.324315,11/01/2010 7:27,5.0,,ERS490327,,surface water layer (ENVO:00002042),,0.01,0.0,0.16801300000000002,-0.5,0.0,215.650833,188.4,0.02,,SAO,0.87,36.376225,39.7,TARA_070_SRF_0.22-3,TARA_070,,TARA_070,19.776808,0.0
ERR594349,34.1,,0.324315,13/01/2010 8:00,5.0,,ERS490336,,surface water layer (ENVO:00002042),,0.0,0.0,0.16801300000000002,0.0,0.0,215.650833,182.8,0.05,,SAO,1.15,36.376225,38.9,TARA_070_SRF_0.22-0.45,TARA_070,,TARA_070,19.776808,0.0
ERR594335,35.4,,0.324315,20/01/2010 7:44,5.0,,ERS490337,,surface water layer (ENVO:00002042),0.67,0.27,0.64,0.16801300000000002,0.1,0.0,215.650833,175.4,0.09,,SAO,1.35,36.376225,38.9,TARA_070_SRF_0.45-0.8,TARA_070,,TARA_070,19.776808,0.0
ERR594353,35.4,,0.324315,20/01/2010 7:44,5.0,,ERS490346,,surface water layer (ENVO:00002042),0.67,0.27,0.64,0.16801300000000002,0.1,0.0,215.650833,175.4,0.09,,SAO,1.35,36.376225,38.9,TARA_070_SRF_<-0.22,TARA_070,,TARA_070,19.776808,0.0
ERR599149,28.2,,0.003811,09/01/2010 7:25,800.0,,ERS490373,,mesopelagic zone (ENVO:00000213),,0.01,0.03,37.7793,-0.1,0.0,161.730633,188.8,0.02,,SAO,0.82,34.443883,40.0,TARA_070_MES_0.22-3,TARA_070,,TARA_070,4.216697,0.0
ERR599044,28.2,,0.003811,09/01/2010 7:25,800.0,,ERS490373,,mesopelagic zone (ENVO:00000213),,0.01,0.03,37.7793,-0.1,0.0,161.730633,188.8,0.02,,SAO,0.82,34.443883,40.0,TARA_070_MES_0.22-3,TARA_070,,TARA_070,4.216697,0.0
ERR594299,23.4,,0.003811,11/01/2010 19:14,800.0,,ERS490380,,mesopelagic zone (ENVO:00000213),,0.01,0.01,37.7793,1.2,0.0,161.730633,180.0,0.03,,SAO,0.85,34.443883,40.2,TARA_070_MES_0.22-0.45,TARA_070,,TARA_070,4.216697,0.0
ERR594308,23.4,,0.003811,11/01/2010 19:14,800.0,,ERS490380,,mesopelagic zone (ENVO:00000213),,0.01,0.01,37.7793,1.2,0.0,161.730633,180.0,0.03,,SAO,0.85,34.443883,40.2,TARA_070_MES_0.22-0.45,TARA_070,,TARA_070,4.216697,0.0
ERR594331,23.4,,0.003811,11/01/2010 19:14,800.0,,ERS490382,,mesopelagic zone (ENVO:00000213),,0.01,0.01,37.7793,1.2,0.0,161.730633,180.0,0.03,,SAO,0.85,34.443883,40.2,TARA_070_MES_0.45-0.8,TARA_070,,TARA_070,4.216697,0.0
ERR594407,24.7,,0.003811,11/01/2010 7:27,800.0,,ERS490388,,mesopelagic zone (ENVO:00000213),,0.01,0.0,37.7793,-0.5,0.0,161.730633,188.4,0.02,,SAO,0.87,34.443883,39.7,TARA_070_MES_<-0.22,TARA_070,,TARA_070,4.216697,0.0
ERR598984,41.8,,0.050608,12/03/2010 10:34,5.0,,ERS490433,-0.03,surface water layer (ENVO:00002042),0.23,0.51,2.08,0.263475,0.4,0.07,199.1195,211.6,0.51,,SAO,1.79,36.42324,36.5,TARA_072_SRF_0.22-3,TARA_072,,TARA_072,25.02619,18.83
ERR599105,41.8,,0.050608,12/03/2010 10:34,5.0,,ERS490433,-0.03,surface water layer (ENVO:00002042),0.23,0.51,2.08,0.263475,0.4,0.07,199.1195,211.6,0.51,,SAO,1.79,36.42324,36.5,TARA_072_SRF_0.22-3,TARA_072,,TARA_072,25.02619,18.83
ERR594364,42.5,,0.050608,12/03/2010 6:19,5.0,,ERS490452,-0.03,surface water layer (ENVO:00002042),0.23,0.05,0.13,0.263475,,0.07,199.1195,210.9,0.37,,SAO,1.2,36.42324,36.5,TARA_072_SRF_<-0.22,TARA_072,,TARA_072,25.02619,18.83
ERR599137,35.4,,0.263939,20/01/2010 4:50,100.0,,ERS490476,,deep chlorophyll maximum layer (ENVO:xxxxxxxx),0.67,0.02,0.03,0.241265,-0.9,0.0,194.428431,184.1,0.19,,SAO,3.91,36.603343,38.6,TARA_072_DCM_0.22-3,TARA_072,,TARA_072,24.112672,0.0
ERR599133,35.4,,0.263939,20/01/2010 4:50,100.0,,ERS490476,,deep chlorophyll maximum layer (ENVO:xxxxxxxx),0.67,0.02,0.03,0.241265,-0.9,0.0,194.428431,184.1,0.19,,SAO,3.91,36.603343,38.6,TARA_072_DCM_0.22-3,TARA_072,,TARA_072,24.112672,0.0
ERR594379,35.4,,0.263939,20/01/2010 4:50,100.0,,ERS490494,,deep chlorophyll maximum layer (ENVO:xxxxxxxx),0.67,0.02,0.03,0.241265,-0.9,0.0,194.428431,184.1,0.19,,SAO,3.91,36.603343,38.6,TARA_072_DCM_<-0.22,TARA_072,,TARA_072,24.112672,0.0
ERR599005,35.4,,0.0,20/01/2010 4:50,800.0,,ERS490507,,mesopelagic zone (ENVO:00000213),0.67,0.02,0.03,38.448475,-0.9,0.0,143.1955,184.1,0.19,,SAO,3.91,34.472575,38.6,TARA_072_MES_0.22-3,TARA_072,,TARA_072,4.673875,0.0
ERR599048,35.4,,0.0,20/01/2010 4:50,800.0,,ERS490507,,mesopelagic zone (ENVO:00000213),0.67,0.02,0.03,38.448475,-0.9,0.0,143.1955,184.1,0.19,,SAO,3.91,34.472575,38.6,TARA_072_MES_0.22-3,TARA_072,,TARA_072,4.673875,0.0
ERR594388,41.8,,0.0,12/03/2010 10:34,800.0,,ERS490522,-0.03,mesopelagic zone (ENVO:00000213),0.23,0.51,2.08,38.448475,0.4,0.07,143.1955,211.6,0.51,,SAO,1.79,34.472575,36.5,TARA_072_MES_<-0.22,TARA_072,,TARA_072,4.673875,18.83
ERR599126,47.7,,0.033622,16/03/2010 10:05,5.0,,ERS490542,0.01,surface water layer (ENVO:00002042),0.16,0.69,23.43,0.030608,22.4,0.07,206.194333,2.4,2.64,,SAO,38.94,37.101367,36.0,TARA_076_SRF_0.22-3,TARA_076,,TARA_076,23.349542,1.08
ERR599010,47.7,,0.033622,16/03/2010 10:05,5.0,,ERS490542,0.01,surface water layer (ENVO:00002042),0.16,0.69,23.43,0.030608,22.4,0.07,206.194333,2.4,2.64,,SAO,38.94,37.101367,36.0,TARA_076_SRF_0.22-3,TARA_076,,TARA_076,23.349542,1.08
ERR594310,47.7,,0.033622,16/03/2010 10:05,5.0,,ERS490547,0.01,surface water layer (ENVO:00002042),0.16,0.69,23.43,0.030608,22.4,0.07,206.194333,2.4,2.64,,SAO,38.94,37.101367,36.0,TARA_076_SRF_0.22-0.45,TARA_076,,TARA_076,23.349542,1.08
ERR594286,47.7,,0.033622,15/03/2010 3:44,5.0,,ERS490548,0.01,surface water layer (ENVO:00002042),0.16,0.01,0.06,0.030608,0.9,0.07,206.194333,199.9,0.32,,SAO,1.18,37.101367,36.6,TARA_076_SRF_0.45-0.8,TARA_076,,TARA_076,23.349542,1.08
ERR594354,47.7,,0.033622,15/03/2010 3:44,5.0,,ERS490557,0.01,surface water layer (ENVO:00002042),0.16,0.01,0.06,0.030608,0.9,0.07,206.194333,199.9,0.32,,SAO,1.18,37.101367,36.6,TARA_076_SRF_<-0.22,TARA_076,,TARA_076,23.349542,1.08
ERR599148,42.5,,0.150865,12/03/2010 6:19,150.0,,ERS490597,-0.03,deep chlorophyll maximum layer (ENVO:xxxxxxxx),0.23,0.05,0.13,0.580918,,0.07,203.814833,210.9,0.37,,SAO,1.2,36.724683,36.5,TARA_076_DCM_0.22-3,TARA_076,,TARA_076,21.643283,18.83
ERR599040,42.5,,0.150865,12/03/2010 6:19,150.0,,ERS490597,-0.03,deep chlorophyll maximum layer (ENVO:xxxxxxxx),0.23,0.05,0.13,0.580918,,0.07,203.814833,210.9,0.37,,SAO,1.2,36.724683,36.5,TARA_076_DCM_0.22-3,TARA_076,,TARA_076,21.643283,18.83
ERR594321,42.5,,0.150865,12/03/2010 6:19,150.0,,ERS490602,-0.03,deep chlorophyll maximum layer (ENVO:xxxxxxxx),0.23,0.05,0.13,0.580918,,0.07,203.814833,210.9,0.37,,SAO,1.2,36.724683,36.5,TARA_076_DCM_0.22-0.45,TARA_076,,TARA_076,21.643283,18.83
ERR594298,40.3,,0.150865,13/03/2010 10:55,150.0,,ERS490603,,deep chlorophyll maximum layer (ENVO:xxxxxxxx),,0.07,30.52,0.580918,31.8,,203.814833,1.6,2.91,,SAO,54.48,36.724683,35.7,TARA_076_DCM_0.45-0.8,TARA_076,,TARA_076,21.643283,
ERR594355,40.3,,0.150865,13/03/2010 10:55,150.0,,ERS490610,,deep chlorophyll maximum layer (ENVO:xxxxxxxx),,0.07,30.52,0.580918,31.8,,203.814833,1.6,2.91,,SAO,54.48,36.724683,35.7,TARA_076_DCM_<-0.22,TARA_076,,TARA_076,21.643283,
ERR599000,46.0,,0.0,15/03/2010 9:32,800.0,,ERS490633,0.01,mesopelagic zone (ENVO:00000213),0.16,0.7,1.86,34.589515000000006,1.2,0.07,192.1655,154.7,0.42,,SAO,1.63,34.369275,,TARA_076_MES_0.22-3,TARA_076,,TARA_076,4.749588,1.08
ERR599154,46.0,,0.0,15/03/2010 9:32,800.0,,ERS490633,0.01,mesopelagic zone (ENVO:00000213),0.16,0.7,1.86,34.589515000000006,1.2,0.07,192.1655,154.7,0.42,,SAO,1.63,34.369275,,TARA_076_MES_0.22-3,TARA_076,,TARA_076,4.749588,1.08
ERR594333,46.0,,0.0,15/03/2010 9:32,800.0,,ERS490643,0.01,mesopelagic zone (ENVO:00000213),0.16,0.7,1.86,34.589515000000006,1.2,0.07,192.1655,154.7,0.42,,SAO,1.63,34.369275,,TARA_076_MES_0.45-0.8,TARA_076,,TARA_076,4.749588,1.08
ERR599006,46.9,,0.053173,18/03/2010 4:41,5.0,,ERS490659,0.33,surface water layer (ENVO:00002042),1.63,0.01,0.03,-0.385346,-1.4,0.03,221.47475,193.4,0.23,,SAO,1.44,36.32425,36.3,TARA_078_SRF_0.22-3,TARA_078,,TARA_078,19.854083,2.14
ERR599022,46.9,,0.053173,18/03/2010 4:41,5.0,,ERS490659,0.33,surface water layer (ENVO:00002042),1.63,0.01,0.03,-0.385346,-1.4,0.03,221.47475,193.4,0.23,,SAO,1.44,36.32425,36.3,TARA_078_SRF_0.22-3,TARA_078,,TARA_078,19.854083,2.14
ERR594340,46.9,,0.053173,18/03/2010 4:41,5.0,,ERS490664,0.33,surface water layer (ENVO:00002042),1.63,0.01,0.03,-0.385346,-1.4,0.03,221.47475,193.4,0.23,,SAO,1.44,36.32425,36.3,TARA_078_SRF_0.22-0.45,TARA_078,,TARA_078,19.854083,2.14
ERR594332,37.6,,0.053173,15/09/2009 16:45,5.0,,ERS490665,0.01,surface water layer (ENVO:00002042),,,,-0.385346,,0.02,221.47475,,,,SAO,,36.32425,36.6,TARA_078_SRF_0.45-0.8,TARA_078,,TARA_078,19.854083,0.0
ERR594411,39.9,,0.053173,15/09/2009 10:15,5.0,,ERS490676,0.01,surface water layer (ENVO:00002042),,,,-0.385346,,0.02,221.47475,,,,SAO,,36.32425,36.6,TARA_078_SRF_<-0.22,TARA_078,,TARA_078,19.854083,0.0
ERR599101,47.7,,0.226052,15/03/2010 3:44,120.0,,ERS490691,0.01,deep chlorophyll maximum layer (ENVO:xxxxxxxx),0.16,0.01,0.06,0.478929,0.9,0.07,217.140667,199.9,0.32,,SAO,1.18,36.27495,36.6,TARA_078_DCM_0.22-3,TARA_078,,TARA_078,19.30925,1.08
ERR599046,47.7,,0.226052,15/03/2010 3:44,120.0,,ERS490691,0.01,deep chlorophyll maximum layer (ENVO:xxxxxxxx),0.16,0.01,0.06,0.478929,0.9,0.07,217.140667,199.9,0.32,,SAO,1.18,36.27495,36.6,TARA_078_DCM_0.22-3,TARA_078,,TARA_078,19.30925,1.08
ERR594336,45.9,,0.226052,18/03/2010 9:52,120.0,,ERS490696,0.33,deep chlorophyll maximum layer (ENVO:xxxxxxxx),1.63,0.02,0.09,0.478929,-0.6,0.03,217.140667,193.0,0.26,,SAO,1.28,36.27495,36.3,TARA_078_DCM_0.22-0.45,TARA_078,,TARA_078,19.30925,2.14
ERR594303,45.9,,0.226052,18/03/2010 9:52,120.0,,ERS490697,0.33,deep chlorophyll maximum layer (ENVO:xxxxxxxx),1.63,0.02,0.09,0.478929,-0.6,0.03,217.140667,193.0,0.26,,SAO,1.28,36.27495,36.3,TARA_078_DCM_0.45-0.8,TARA_078,,TARA_078,19.30925,2.14
ERR599124,48.6,,0.0,20/03/2010 9:36,800.0,,ERS490714,0.33,mesopelagic zone (ENVO:00000213),1.63,2.07,21.22,29.783184999999996,19.6,0.03,214.842,2.3,2.64,,SAO,38.62,34.3629,35.9,TARA_078_MES_0.22-3,TARA_078,,TARA_078,5.8659,2.14
ERR599159,48.6,,0.0,20/03/2010 9:36,800.0,,ERS490714,0.33,mesopelagic zone (ENVO:00000213),1.63,2.07,21.22,29.783184999999996,19.6,0.03,214.842,2.3,2.64,,SAO,38.62,34.3629,35.9,TARA_078_MES_0.22-3,TARA_078,,TARA_078,5.8659,2.14
ERR594289,48.6,,0.0,20/03/2010 9:36,800.0,,ERS490722,0.33,mesopelagic zone (ENVO:00000213),1.63,2.07,21.22,29.783184999999996,19.6,0.03,214.842,2.3,2.64,,SAO,38.62,34.3629,35.9,TARA_078_MES_0.45-0.8,TARA_078,,TARA_078,5.8659,2.14
ERR599009,47.6,,0.310844,30/03/2010 2:56,5.0,,ERS490885,-0.16,surface water layer (ENVO:00002042),0.43,0.0,0.09,17.091069,-1.3,0.03,305.012167,187.4,0.14,,SAO,1.47,34.048642,36.0,TARA_082_SRF_0.22-3,TARA_082,,TARA_082,7.321517,21.64
ERR599035,47.6,,0.310844,30/03/2010 2:56,5.0,,ERS490885,-0.16,surface water layer (ENVO:00002042),0.43,0.0,0.09,17.091069,-1.3,0.03,305.012167,187.4,0.14,,SAO,1.47,34.048642,36.0,TARA_082_SRF_0.22-3,TARA_082,,TARA_082,7.321517,21.64
ERR599384,,,0.310844,,5.0,,ERS490900,,surface water layer (ENVO:00002042),,,,17.091069,,,305.012167,,,,SAO,,34.048642,,,TARA_082,,,7.321517,
ERR599122,48.5,,1.01772,30/03/2010 8:46,40.0,,ERS490928,-0.16,deep chlorophyll maximum layer (ENVO:xxxxxxxx),0.43,0.07,0.49,17.111823,-0.2,0.03,306.211529,148.3,0.34,,SAO,1.38,34.057594,36.5,TARA_082_DCM_0.22-3,TARA_082,,TARA_082,6.975635,21.64
ERR599027,48.5,,1.01772,30/03/2010 8:46,40.0,,ERS490928,-0.16,deep chlorophyll maximum layer (ENVO:xxxxxxxx),0.43,0.07,0.49,17.111823,-0.2,0.03,306.211529,148.3,0.34,,SAO,1.38,34.057594,36.5,TARA_082_DCM_0.22-3,TARA_082,,TARA_082,6.975635,21.64
ERR594409,48.5,,1.01772,30/03/2010 8:46,40.0,,ERS490953,-0.16,deep chlorophyll maximum layer (ENVO:xxxxxxxx),0.43,0.07,0.49,17.111823,-0.2,0.03,306.211529,148.3,0.34,,SAO,1.38,34.057594,36.5,TARA_082_DCM_<-0.22,TARA_082,,TARA_082,6.975635,21.64
ERR599059,47.6,,0.109555,30/03/2010 2:56,5.0,,ERS491001,-0.16,surface water layer (ENVO:00002042),0.43,0.0,0.09,24.423039000000003,-1.3,0.03,338.2982,187.4,0.14,,SO,1.47,33.71972,36.0,TARA_084_SRF_0.22-3,TARA_084,,TARA_084,1.84402,21.64
ERR598945,47.6,,0.109555,30/03/2010 2:56,5.0,,ERS491001,-0.16,surface water layer (ENVO:00002042),0.43,0.0,0.09,24.423039000000003,-1.3,0.03,338.2982,187.4,0.14,,SO,1.47,33.71972,36.0,TARA_084_SRF_0.22-3,TARA_084,,TARA_084,1.84402,21.64
ERR599090,51.7,,0.065273,04/04/2010 3:13,5.0,,ERS491044,-0.03,surface water layer (ENVO:00002042),,0.0,0.03,27.501159,-1.5,0.04,343.4373,189.3,0.08,,SO,2.21,34.35388,34.6,TARA_085_SRF_0.22-3,TARA_085,,TARA_085,0.67108,7.06
ERR599176,51.7,,0.065273,04/04/2010 3:13,5.0,,ERS491044,-0.03,surface water layer (ENVO:00002042),,0.0,0.03,27.501159,-1.5,0.04,343.4373,189.3,0.08,,SO,2.21,34.35388,34.6,TARA_085_SRF_0.22-3,TARA_085,,TARA_085,0.67108,7.06
ERR599364,,,0.065273,,5.0,,ERS491063,,surface water layer (ENVO:00002042),,,,27.501159,,,343.4373,,,,SO,,34.35388,,,TARA_085,,,0.67108,
ERR599121,47.6,,0.540091,30/03/2010 2:56,90.0,,ERS491095,-0.16,deep chlorophyll maximum layer (ENVO:xxxxxxxx),0.43,0.0,0.09,33.109231,-1.3,0.03,325.402987,187.4,0.14,,SO,1.47,34.319478,36.0,TARA_085_DCM_0.22-3,TARA_085,,TARA_085,-0.78154,21.64
ERR599104,47.6,,0.540091,30/03/2010 2:56,90.0,,ERS491095,-0.16,deep chlorophyll maximum layer (ENVO:xxxxxxxx),0.43,0.0,0.09,33.109231,-1.3,0.03,325.402987,187.4,0.14,,SO,1.47,34.319478,36.0,TARA_085_DCM_0.22-3,TARA_085,,TARA_085,-0.78154,21.64
ERR594377,41.6,,0.540091,04/04/2010 9:05,90.0,,ERS491107,-0.03,deep chlorophyll maximum layer (ENVO:xxxxxxxx),,0.15,1.39,33.109231,0.6,0.04,325.402987,132.8,0.34,,SO,3.2,34.319478,35.1,TARA_085_DCM_<-0.22,TARA_085,,TARA_085,-0.78154,7.06
ERR599008,41.6,,0.010087,04/04/2010 9:05,790.0,,ERS491110,-0.03,mesopelagic zone (ENVO:00000213),,0.15,1.39,38.821249,0.6,0.04,203.8394,132.8,0.34,,SO,3.2,34.67996,35.1,TARA_085_MES_0.22-3,TARA_085,,TARA_085,0.45883,7.06
ERR599125,41.6,,0.010087,04/04/2010 9:05,790.0,,ERS491110,-0.03,mesopelagic zone (ENVO:00000213),,0.15,1.39,38.821249,0.6,0.04,203.8394,132.8,0.34,,SO,3.2,34.67996,35.1,TARA_085_MES_0.22-3,TARA_085,,TARA_085,0.45883,7.06
ERR599064,33.9,,0.387495,13/04/2010 3:21,5.0,,ERS491421,0.01,surface water layer (ENVO:00002042),,0.02,28.64,-1.485075,2.6,0.0,244.861667,185.2,1.94,,SPO,15.14,34.295417,35.1,TARA_093_SRF_0.22-3,TARA_093,,TARA_093,18.014508,0.0
ERR598965,51.7,,1.104727,04/04/2010 3:13,35.0,,ERS491463,-0.03,deep chlorophyll maximum layer (ENVO:xxxxxxxx),,0.0,0.03,0.6601229999999999,-1.5,0.04,237.215,189.3,0.08,,SPO,2.21,34.267975,34.6,TARA_093_DCM_0.22-3,TARA_093,,TARA_093,16.40115,7.06
ERR599050,43.5,,0.147822,15/04/2010 2:38,5.0,,ERS491492,0.03,surface water layer (ENVO:00002042),,0.0,0.05,-0.39754,0.5,0.0,219.174917,185.7,0.1,,SPO,1.94,34.682604,35.1,TARA_094_SRF_0.22-3,TARA_094,,TARA_094,21.131962,1.19
ERR598967,43.4,,0.044093,19/04/2010 7:54,5.0,,ERS491525,-0.07,surface water layer (ENVO:00002042),1.99,0.01,0.06,-0.372718,-2.2,0.05,204.13825,187.3,0.08,,SPO,2.12,35.766117,34.2,TARA_096_SRF_0.22-3,TARA_096,,TARA_096,23.799133,6.19
ERR599093,33.4,,0.013449,17/05/2010 15:34,5.0,,ERS491699,0.47,surface water layer (ENVO:00002042),1.77,0.03,0.47,-1.567491,0.2,0.05,200.538167,192.6,0.18,,SPO,3.22,36.402683,34.9,TARA_098_SRF_0.22-3,TARA_098,,TARA_098,25.14875,0.0
ERR599120,33.4,,0.013449,17/05/2010 15:34,5.0,,ERS491699,0.47,surface water layer (ENVO:00002042),1.77,0.03,0.47,-1.567491,0.2,0.05,200.538167,192.6,0.18,,SPO,3.22,36.402683,34.9,TARA_098_SRF_0.22-3,TARA_098,,TARA_098,25.14875,0.0
ERR599079,43.4,,0.176523,19/04/2010 7:54,188.0,,ERS491740,-0.07,deep chlorophyll maximum layer (ENVO:xxxxxxxx),1.99,0.01,0.06,-0.73316,-2.2,0.05,210.5781,187.3,0.08,,SPO,2.12,35.845669,34.2,TARA_098_DCM_0.22-3,TARA_098,,TARA_098,20.171605,6.19
ERR599042,43.4,,0.176523,19/04/2010 7:54,188.0,,ERS491740,-0.07,deep chlorophyll maximum layer (ENVO:xxxxxxxx),1.99,0.01,0.06,-0.73316,-2.2,0.05,210.5781,187.3,0.08,,SPO,2.12,35.845669,34.2,TARA_098_DCM_0.22-3,TARA_098,,TARA_098,20.171605,6.19
ERR599071,33.4,,0.0,17/05/2010 15:34,488.0,,ERS491767,0.47,mesopelagic zone (ENVO:00000213),1.77,0.03,0.47,24.644021,0.2,0.05,155.55759,192.6,0.18,,SPO,3.22,34.362649,34.9,TARA_098_MES_0.22-3,TARA_098,,TARA_098,8.113126,0.0
ERR599085,33.4,,0.0,17/05/2010 15:34,488.0,,ERS491767,0.47,mesopelagic zone (ENVO:00000213),1.77,0.03,0.47,24.644021,0.2,0.05,155.55759,192.6,0.18,,SPO,3.22,34.362649,34.9,TARA_098_MES_0.22-3,TARA_098,,TARA_098,8.113126,0.0
ERR599024,33.9,,0.037733,17/05/2010 3:56,5.0,,ERS491804,0.47,surface water layer (ENVO:00002042),1.77,0.0,0.0,-1.7374049999999999,,0.05,203.995417,191.7,0.12,,SPO,2.67,36.129117,34.6,TARA_099_SRF_0.22-3,TARA_099,,TARA_099,23.788833,0.0
ERR599163,25.1,,0.287892,27/06/2010 12:07,5.0,,ERS491836,,surface water layer (ENVO:00002042),,0.02,0.0,4.590737,,,200.233917,190.1,0.0,,SPO,2.81,35.835267,35.1,TARA_100_SRF_0.22-3,TARA_100,,TARA_100,25.2512,
ERR599169,25.1,,0.287892,27/06/2010 12:07,5.0,,ERS491836,,surface water layer (ENVO:00002042),,0.02,0.0,4.590737,,,200.233917,190.1,0.0,,SPO,2.81,35.835267,35.1,TARA_100_SRF_0.22-3,TARA_100,,TARA_100,25.2512,
ERR599063,25.1,,0.287892,27/06/2010 12:07,5.0,,ERS491836,,surface water layer (ENVO:00002042),,0.02,0.0,4.590737,,,200.233917,190.1,0.0,,SPO,2.81,35.835267,35.1,TARA_100_SRF_0.22-3,TARA_100,,TARA_100,25.2512,
ERR599342,,,0.287892,,5.0,,ERS491851,,surface water layer (ENVO:00002042),,,,4.590737,,,200.233917,,,,SPO,,35.835267,,,TARA_100,,,25.2512,
ERR599113,37.6,,0.366887,26/06/2010 7:12,50.0,,ERS491874,,deep chlorophyll maximum layer (ENVO:xxxxxxxx),,,,1.5019770000000001,,,216.790338,88.2,,,SPO,,35.544655,34.8,TARA_100_DCM_0.22-3,TARA_100,,TARA_100,20.649431,
ERR599081,37.6,,0.366887,26/06/2010 7:12,50.0,,ERS491874,,deep chlorophyll maximum layer (ENVO:xxxxxxxx),,,,1.5019770000000001,,,216.790338,88.2,,,SPO,,35.544655,34.8,TARA_100_DCM_0.22-3,TARA_100,,TARA_100,20.649431,
ERR599359,,,0.366887,,50.0,,ERS491897,,deep chlorophyll maximum layer (ENVO:xxxxxxxx),,,,1.5019770000000001,,,216.790338,,,,SPO,,35.544655,,,TARA_100,,,20.649431,
ERR598981,37.6,,0.121464,26/06/2010 7:12,177.0,,ERS491913,,mesopelagic zone (ENVO:00000213) & marine oxygen minimum zone (ENVO:01000065),,,,21.068385,,,0.70843,193.1,,,SPO,,34.840218,35.0,TARA_100_MES_0.22-3,TARA_100,,TARA_100,13.014573,
ERR598946,37.6,,0.121464,26/06/2010 7:12,177.0,,ERS491913,,mesopelagic zone (ENVO:00000213) & marine oxygen minimum zone (ENVO:01000065),,,,21.068385,,,0.70843,193.1,,,SPO,,34.840218,35.0,TARA_100_MES_0.22-3,TARA_100,,TARA_100,13.014573,
ERR598953,37.6,,0.121464,26/06/2010 7:12,177.0,,ERS491913,,mesopelagic zone (ENVO:00000213) & marine oxygen minimum zone (ENVO:01000065),,,,21.068385,,,0.70843,193.1,,,SPO,,34.840218,35.0,TARA_100_MES_0.22-3,TARA_100,,TARA_100,13.014573,
ERR599375,,,0.121464,,177.0,,ERS491930,,mesopelagic zone (ENVO:00000213) & marine oxygen minimum zone (ENVO:01000065),,,,21.068385,,,0.70843,,,,SPO,,34.840218,,,TARA_100,,,13.014573,
ERR598978,15.4,,0.238224,08/07/2010 5:19,5.0,,ERS491938,0.52,surface water layer (ENVO:00002042),1.5,0.0,0.02,11.688971,-0.1,0.08,205.992583,207.4,0.08,,SPO,1.75,34.748175,35.3,TARA_102_SRF_0.22-3,TARA_102,,TARA_102,24.943108,1.28
ERR598943,15.4,,0.238224,08/07/2010 5:19,5.0,,ERS491938,0.52,surface water layer (ENVO:00002042),1.5,0.0,0.02,11.688971,-0.1,0.08,205.992583,207.4,0.08,,SPO,1.75,34.748175,35.3,TARA_102_SRF_0.22-3,TARA_102,,TARA_102,24.943108,1.28
ERR599128,28.9,,0.010087,02/07/2010 10:17,480.0,,ERS491980,,mesopelagic zone (ENVO:00000213) & marine oxygen minimum zone (ENVO:01000065),,,,40.008967,-0.2,,4.42525,199.9,,,SPO,,34.69255,35.3,TARA_102_MES_0.22-3,TARA_102,,TARA_102,9.195825,
ERR599055,28.9,,0.010087,02/07/2010 10:17,480.0,,ERS491980,,mesopelagic zone (ENVO:00000213) & marine oxygen minimum zone (ENVO:01000065),,,,40.008967,-0.2,,4.42525,199.9,,,SPO,,34.69255,35.3,TARA_102_MES_0.22-3,TARA_102,,TARA_102,9.195825,
ERR599132,28.9,,0.010087,02/07/2010 10:17,480.0,,ERS491980,,mesopelagic zone (ENVO:00000213) & marine oxygen minimum zone (ENVO:01000065),,,,40.008967,-0.2,,4.42525,199.9,,,SPO,,34.69255,35.3,TARA_102_MES_0.22-3,TARA_102,,TARA_102,9.195825,
ERR599346,,,0.010087,,480.0,,ERS491995,,mesopelagic zone (ENVO:00000213) & marine oxygen minimum zone (ENVO:01000065),,,,40.008967,,,4.42525,,,,SPO,,34.69255,,,TARA_102,,,9.195825,
ERR599007,29.2,,0.728939,29/06/2010 13:12,40.0,,ERS492012,0.21,deep chlorophyll maximum layer (ENVO:xxxxxxxx),,0.03,0.06,20.328326999999998,0.8,0.33,103.916711,185.0,0.0,,SPO,2.51,34.900284,35.2,TARA_102_DCM_0.22-3,TARA_102,,TARA_102,19.566255,0.0
ERR599168,29.2,,0.728939,29/06/2010 13:12,40.0,,ERS492012,0.21,deep chlorophyll maximum layer (ENVO:xxxxxxxx),,0.03,0.06,20.328326999999998,0.8,0.33,103.916711,185.0,0.0,,SPO,2.51,34.900284,35.2,TARA_102_DCM_0.22-3,TARA_102,,TARA_102,19.566255,0.0
ERR598962,29.2,,0.728939,29/06/2010 13:12,40.0,,ERS492012,0.21,deep chlorophyll maximum layer (ENVO:xxxxxxxx),,0.03,0.06,20.328326999999998,0.8,0.33,103.916711,185.0,0.0,,SPO,2.51,34.900284,35.2,TARA_102_DCM_0.22-3,TARA_102,,TARA_102,19.566255,0.0
ERR598997,15.0,,0.28167,07/07/2010 4:56,5.0,,ERS492145,0.52,surface water layer (ENVO:00002042),1.5,0.0,0.0,1.210114,,0.08,198.635833,210.0,0.08,,SPO,1.77,33.3676,35.3,TARA_109_SRF_0.22-3,TARA_109,,TARA_109,27.617558,1.28
ERR599118,15.0,,0.28167,07/07/2010 4:56,5.0,,ERS492145,0.52,surface water layer (ENVO:00002042),1.5,0.0,0.0,1.210114,,0.08,198.635833,210.0,0.08,,SPO,1.77,33.3676,35.3,TARA_109_SRF_0.22-3,TARA_109,,TARA_109,27.617558,1.28
ERR594412,15.0,,0.28167,07/07/2010 4:56,5.0,,ERS492160,0.52,surface water layer (ENVO:00002042),1.5,0.0,0.0,1.210114,,0.08,198.635833,210.0,0.08,,SPO,1.77,33.3676,35.3,TARA_109_SRF_<-0.22,TARA_109,,TARA_109,27.617558,1.28
ERR599065,15.4,,0.737378,08/07/2010 5:19,30.0,,ERS492177,0.52,deep chlorophyll maximum layer (ENVO:xxxxxxxx),1.5,0.0,0.02,3.8866050000000003,-0.1,0.08,203.127654,207.4,0.08,,SPO,1.75,34.344808,35.3,TARA_109_DCM_0.22-3,TARA_109,,TARA_109,26.532035,1.28
ERR599108,15.4,,0.737378,08/07/2010 5:19,30.0,,ERS492177,0.52,deep chlorophyll maximum layer (ENVO:xxxxxxxx),1.5,0.0,0.02,3.8866050000000003,-0.1,0.08,203.127654,207.4,0.08,,SPO,1.75,34.344808,35.3,TARA_109_DCM_0.22-3,TARA_109,,TARA_109,26.532035,1.28
ERR598952,15.4,,0.737378,08/07/2010 5:19,30.0,,ERS492177,0.52,deep chlorophyll maximum layer (ENVO:xxxxxxxx),1.5,0.0,0.02,3.8866050000000003,-0.1,0.08,203.127654,207.4,0.08,,SPO,1.75,34.344808,35.3,TARA_109_DCM_0.22-3,TARA_109,,TARA_109,26.532035,1.28
ERR594381,15.4,,0.737378,08/07/2010 5:19,30.0,,ERS492198,0.52,deep chlorophyll maximum layer (ENVO:xxxxxxxx),1.5,0.0,0.02,3.8866050000000003,-0.1,0.08,203.127654,207.4,0.08,,SPO,1.75,34.344808,35.3,TARA_109_DCM_<-0.22,TARA_109,,TARA_109,26.532035,1.28
ERR594380,15.4,,0.737378,08/07/2010 5:19,30.0,,ERS492198,0.52,deep chlorophyll maximum layer (ENVO:xxxxxxxx),1.5,0.0,0.02,3.8866050000000003,-0.1,0.08,203.127654,207.4,0.08,,SPO,1.75,34.344808,35.3,TARA_109_DCM_<-0.22,TARA_109,,TARA_109,26.532035,1.28
ERR594383,15.4,,0.737378,08/07/2010 5:19,30.0,,ERS492198,0.52,deep chlorophyll maximum layer (ENVO:xxxxxxxx),1.5,0.0,0.02,3.8866050000000003,-0.1,0.08,203.127654,207.4,0.08,,SPO,1.75,34.344808,35.3,TARA_109_DCM_<-0.22,TARA_109,,TARA_109,26.532035,1.28
ERR594387,15.4,,0.737378,08/07/2010 5:19,30.0,,ERS492198,0.52,deep chlorophyll maximum layer (ENVO:xxxxxxxx),1.5,0.0,0.02,3.8866050000000003,-0.1,0.08,203.127654,207.4,0.08,,SPO,1.75,34.344808,35.3,TARA_109_DCM_<-0.22,TARA_109,,TARA_109,26.532035,1.28
ERR594357,15.4,,0.737378,08/07/2010 5:19,30.0,,ERS492198,0.52,deep chlorophyll maximum layer (ENVO:xxxxxxxx),1.5,0.0,0.02,3.8866050000000003,-0.1,0.08,203.127654,207.4,0.08,,SPO,1.75,34.344808,35.3,TARA_109_DCM_<-0.22,TARA_109,,TARA_109,26.532035,1.28
ERR598971,14.6,,0.0,07/07/2010 13:29,380.0,,ERS492205,0.52,mesopelagic zone (ENVO:00000213),1.5,0.0,15.24,33.915981,,0.08,2.516667,193.0,1.12,,SPO,5.89,34.79985,34.6,TARA_109_MES_0.22-3,TARA_109,,TARA_109,11.3158,1.28
ERR599067,14.6,,0.0,07/07/2010 13:29,380.0,,ERS492205,0.52,mesopelagic zone (ENVO:00000213),1.5,0.0,15.24,33.915981,,0.08,2.516667,193.0,1.12,,SPO,5.89,34.79985,34.6,TARA_109_MES_0.22-3,TARA_109,,TARA_109,11.3158,1.28
ERR599039,10.4,,0.317793,12/07/2010 11:25,5.0,,ERS492228,1.83,surface water layer (ENVO:00002042),0.73,,,6.729336999999999,,0.11,190.816333,206.4,,,SPO,,35.0193,,TARA_110_SRF_0.22-3,TARA_110,,TARA_110,23.8683,1.08
ERR599014,10.4,,0.460366,12/07/2010 11:25,50.0,,ERS492264,1.83,deep chlorophyll maximum layer (ENVO:xxxxxxxx),0.73,,,10.945064,,0.11,144.633667,206.4,,,SPO,,35.066093,,TARA_110_DCM_0.22-3,TARA_110,,TARA_110,21.814577,1.08
ERR599020,10.4,,0.0,12/07/2010 11:25,380.0,,ERS492294,1.83,mesopelagic zone (ENVO:00000213),0.73,,,34.644911,,0.11,1.27395,206.4,,,SPO,,34.755346,,TARA_110_MES_0.22-3,TARA_110,,TARA_110,10.2584,1.08
ERR599077,9.2,,0.203347,12/07/2010 6:46,5.0,,ERS492321,1.83,surface water layer (ENVO:00002042),0.73,,,2.568726,,0.11,208.8654,207.0,,,SPO,,35.97144,35.4,TARA_111_SRF_0.22-3,TARA_111,,TARA_111,22.76873,1.08
ERR599357,,,0.203347,,5.0,,ERS492342,,surface water layer (ENVO:00002042),,,,2.568726,,,208.8654,,,,SPO,,35.97144,,,TARA_111,,,22.76873,
ERR598961,10.4,,0.378549,12/07/2010 10:31,90.0,,ERS492357,1.83,deep chlorophyll maximum layer (ENVO:xxxxxxxx),0.73,,,1.411516,,0.11,211.54555,198.0,,,SPO,,35.687249,34.7,TARA_111_DCM_0.22-3,TARA_111,,TARA_111,19.881449,1.08
ERR599369,,,0.378549,,90.0,,ERS492376,,deep chlorophyll maximum layer (ENVO:xxxxxxxx),,,,1.411516,,,211.54555,,,,SPO,,35.687249,,,TARA_111,,,19.881449,
ERR599086,9.2,,0.0,12/07/2010 6:46,350.0,,ERS492381,1.83,mesopelagic zone (ENVO:00000213),0.73,,,30.409013,,0.11,3.171063,207.0,,,SPO,,34.698369,35.4,TARA_111_MES_0.22-3,TARA_111,,TARA_111,10.893125,1.08
ERR599368,,,0.0,,350.0,,ERS492399,,mesopelagic zone (ENVO:00000213),,,,30.409013,,,3.171063,,,,SPO,,34.698369,,,TARA_111,,,10.893125,
ERR598954,13.1,,0.04895,15/07/2010 16:32,5.0,,ERS492408,0.01,surface water layer (ENVO:00002042),,0.26,3.23,-0.916543,,0.05,202.174583,240.4,0.37,,SPO,2.47,36.453917,35.3,TARA_112_SRF_0.22-3,TARA_112,,TARA_112,24.237467,0.0
ERR598957,9.2,,0.222552,12/07/2010 6:46,155.0,,ERS492445,1.83,deep chlorophyll maximum layer (ENVO:xxxxxxxx),0.73,,,0.47658500000000004,,0.11,207.089325,207.0,,,SPO,,35.939945,35.4,TARA_112_DCM_0.22-3,TARA_112,,TARA_112,22.261435,1.08
ERR599072,13.1,,0.0,15/07/2010 16:32,696.0,,ERS492471,0.01,mesopelagic zone (ENVO:00000213),,0.26,3.23,29.181849,,0.05,199.248437,240.4,0.37,,SPO,2.47,34.305001,35.3,TARA_112_MES_0.22-3,TARA_112,,TARA_112,5.791448,0.0
ERR598992,34.1,,0.166512,14/09/2010 9:14,5.0,,ERS492642,-0.25,surface water layer (ENVO:00002042),0.22,0.29,1.08,3.9863589999999998,,0.04,186.2407,231.7,0.23,,SPO,2.44,35.3662,35.7,TARA_122_SRF_0.22-3,TARA_122,,TARA_122,26.54413,31.83
ERR594292,34.1,,0.166512,14/09/2010 9:14,5.0,,ERS492646,-0.25,surface water layer (ENVO:00002042),0.22,0.29,1.08,3.9863589999999998,,0.04,186.2407,231.7,0.23,,SPO,2.44,35.3662,35.7,TARA_122_SRF_0.1-0.22,TARA_122,,TARA_122,26.54413,31.83
ERR594307,31.3,,0.166512,13/09/2010 14:13,5.0,,ERS492647,-0.25,surface water layer (ENVO:00002042),0.22,0.0,22.08,3.9863589999999998,25.8,0.04,186.2407,195.2,1.53,,SPO,12.08,35.3662,34.5,TARA_122_SRF_0.22-0.45,TARA_122,,TARA_122,26.54413,31.83
ERR594306,31.3,,0.166512,13/09/2010 14:13,5.0,,ERS492648,-0.25,surface water layer (ENVO:00002042),0.22,0.0,22.08,3.9863589999999998,25.8,0.04,186.2407,195.2,1.53,,SPO,12.08,35.3662,34.5,TARA_122_SRF_0.45-0.8,TARA_122,,TARA_122,26.54413,31.83
ERR599380,,,0.166512,,5.0,,ERS492657,,surface water layer (ENVO:00002042),,,,3.9863589999999998,,,186.2407,,,,SPO,,35.3662,,,TARA_122,,,26.54413,
ERR599096,37.7,,0.0,07/09/2010 6:35,600.0,,ERS492680,0.04,mesopelagic zone (ENVO:00000213),,0.17,7.09,42.53205,0.4,0.14,38.115125,249.4,1.02,,SPO,13.88,34.580675,34.8,TARA_122_MES_0.22-3,TARA_122,,TARA_122,7.212238,1.11
ERR598999,37.7,,0.0,07/09/2010 6:35,600.0,,ERS492680,0.04,mesopelagic zone (ENVO:00000213),,0.17,7.09,42.53205,0.4,0.14,38.115125,249.4,1.02,,SPO,13.88,34.580675,34.8,TARA_122_MES_0.22-3,TARA_122,,TARA_122,7.212238,1.11
ERR599083,37.7,,0.0,07/09/2010 6:35,600.0,,ERS492680,0.04,mesopelagic zone (ENVO:00000213),,0.17,7.09,42.53205,0.4,0.14,38.115125,249.4,1.02,,SPO,13.88,34.580675,34.8,TARA_122_MES_0.22-3,TARA_122,,TARA_122,7.212238,1.11
ERR599033,37.7,,0.0,07/09/2010 6:35,600.0,,ERS492680,0.04,mesopelagic zone (ENVO:00000213),,0.17,7.09,42.53205,0.4,0.14,38.115125,249.4,1.02,,SPO,13.88,34.580675,34.8,TARA_122_MES_0.22-3,TARA_122,,TARA_122,7.212238,1.11
ERR594309,37.7,,0.0,07/09/2010 6:35,600.0,,ERS492683,0.04,mesopelagic zone (ENVO:00000213),,0.17,7.09,42.53205,0.4,0.14,38.115125,249.4,1.02,,SPO,13.88,34.580675,34.8,TARA_122_MES_0.1-0.22,TARA_122,,TARA_122,7.212238,1.11
ERR594305,34.1,,0.0,14/09/2010 9:14,600.0,,ERS492684,-0.25,mesopelagic zone (ENVO:00000213),0.22,0.29,1.08,42.53205,,0.04,38.115125,231.7,0.23,,SPO,2.44,34.580675,35.7,TARA_122_MES_0.22-0.45,TARA_122,,TARA_122,7.212238,31.83
ERR594322,34.1,,0.0,14/09/2010 9:14,600.0,,ERS492685,-0.25,mesopelagic zone (ENVO:00000213),0.22,0.29,1.08,42.53205,,0.04,38.115125,231.7,0.23,,SPO,2.44,34.580675,35.7,TARA_122_MES_0.45-0.8,TARA_122,,TARA_122,7.212238,31.83
ERR599341,,,0.0,,600.0,,ERS492692,,mesopelagic zone (ENVO:00000213),,,,42.53205,,,38.115125,,,,SPO,,34.580675,,,TARA_122,,,7.212238,
ERR598948,14.3,,0.295808,15/07/2010 12:26,115.0,,ERS492699,0.01,deep chlorophyll maximum layer (ENVO:xxxxxxxx),,0.3,3.34,2.333576,2.5,0.05,179.916875,238.9,0.34,,SPO,2.74,36.097575,35.3,TARA_122_DCM_0.22-3,TARA_122,,TARA_122,24.69625,0.0
ERR594284,14.3,,0.295808,15/07/2010 12:26,115.0,,ERS492703,0.01,deep chlorophyll maximum layer (ENVO:xxxxxxxx),,0.3,3.34,2.333576,2.5,0.05,179.916875,238.9,0.34,,SPO,2.74,36.097575,35.3,TARA_122_DCM_0.1-0.22,TARA_122,,TARA_122,24.69625,0.0
ERR594304,37.7,,0.295808,07/09/2010 6:35,115.0,,ERS492704,0.04,deep chlorophyll maximum layer (ENVO:xxxxxxxx),,0.17,7.09,2.333576,0.4,0.14,179.916875,249.4,1.02,,SPO,13.88,36.097575,34.8,TARA_122_DCM_0.22-0.45,TARA_122,,TARA_122,24.69625,1.11
ERR594301,37.7,,0.295808,07/09/2010 6:35,115.0,,ERS492705,0.04,deep chlorophyll maximum layer (ENVO:xxxxxxxx),,0.17,7.09,2.333576,0.4,0.14,179.916875,249.4,1.02,,SPO,13.88,36.097575,34.8,TARA_122_DCM_0.45-0.8,TARA_122,,TARA_122,24.69625,1.11
ERR599377,,,0.295808,,115.0,,ERS492714,,deep chlorophyll maximum layer (ENVO:xxxxxxxx),,,,2.333576,,,179.916875,,,,SPO,,36.097575,,,TARA_122,,,24.69625,
ERR599160,29.9,,0.319103,23/09/2009 16:52,5.0,,ERS492733,-0.79,surface water layer (ENVO:00002042),,0.0,0.03,3.868407,,0.0,189.758333,,0.01,,SPO,0.5,35.359483,,TARA_123_SRF_0.22-3,TARA_123,,TARA_123,26.576175,4.92
ERR594326,29.9,,0.319103,23/09/2009 15:06,5.0,,ERS492738,-0.79,surface water layer (ENVO:00002042),,0.0,0.03,3.868407,,0.0,189.758333,,0.06,,SPO,0.52,35.359483,37.5,TARA_123_SRF_0.22-0.45,TARA_123,,TARA_123,26.576175,4.92
ERR594347,48.8,,0.319103,22/09/2010 10:38,5.0,,ERS492739,0.0,surface water layer (ENVO:00002042),1.33,0.01,36.73,3.868407,37.8,0.04,189.758333,161.7,2.52,,SPO,44.86,35.359483,34.4,TARA_123_SRF_0.45-0.8,TARA_123,,TARA_123,26.576175,10.81
ERR634968,,,0.319103,,5.0,,ERS492748,,surface water layer (ENVO:00002042),,,,3.868407,,,189.758333,,,,SPO,,35.359483,,,TARA_123,,,26.576175,
ERR599157,34.1,,0.051638,14/09/2010 9:14,150.0,,ERS492778,-0.25,marine epipelagic mixed layer (ENVO:xxxxxxxxx),0.22,0.25,1.3,5.023264,,0.04,161.3185,231.9,0.23,,SPO,2.6,35.88072,35.7,TARA_123_MIX_0.22-3,TARA_123,,TARA_123,22.1151,31.83
ERR598998,34.1,,0.051638,14/09/2010 9:14,150.0,,ERS492778,-0.25,marine epipelagic mixed layer (ENVO:xxxxxxxxx),0.22,0.25,1.3,5.023264,,0.04,161.3185,231.9,0.23,,SPO,2.6,35.88072,35.7,TARA_123_MIX_0.22-3,TARA_123,,TARA_123,22.1151,31.83
ERR599117,34.1,,0.051638,14/09/2010 9:14,150.0,,ERS492778,-0.25,marine epipelagic mixed layer (ENVO:xxxxxxxxx),0.22,0.25,1.3,5.023264,,0.04,161.3185,231.9,0.23,,SPO,2.6,35.88072,35.7,TARA_123_MIX_0.22-3,TARA_123,,TARA_123,22.1151,31.83
ERR598956,34.1,,0.051638,14/09/2010 9:14,150.0,,ERS492778,-0.25,marine epipelagic mixed layer (ENVO:xxxxxxxxx),0.22,0.25,1.3,5.023264,,0.04,161.3185,231.9,0.23,,SPO,2.6,35.88072,35.7,TARA_123_MIX_0.22-3,TARA_123,,TARA_123,22.1151,31.83
ERR594293,34.1,,0.051638,14/09/2010 9:14,150.0,,ERS492781,-0.25,marine epipelagic mixed layer (ENVO:xxxxxxxxx),0.22,0.25,1.3,5.023264,,0.04,161.3185,231.9,0.23,,SPO,2.6,35.88072,35.7,TARA_123_MIX_0.1-0.22,TARA_123,,TARA_123,22.1151,31.83
ERR594337,34.1,,0.051638,14/09/2010 9:14,150.0,,ERS492782,-0.25,marine epipelagic mixed layer (ENVO:xxxxxxxxx),0.22,0.25,1.3,5.023264,,0.04,161.3185,231.9,0.23,,SPO,2.6,35.88072,35.7,TARA_123_MIX_0.22-0.45,TARA_123,,TARA_123,22.1151,31.83
ERR594319,34.1,,0.051638,14/09/2010 9:14,150.0,,ERS492783,-0.25,marine epipelagic mixed layer (ENVO:xxxxxxxxx),0.22,0.25,1.3,5.023264,,0.04,161.3185,231.9,0.23,,SPO,2.6,35.88072,35.7,TARA_123_MIX_0.45-0.8,TARA_123,,TARA_123,22.1151,31.83
ERR599036,,,0.286662,,5.0,,ERS492814,,surface water layer (ENVO:00002042),,,,5.1118559999999995,,,190.724,,,,SPO,,35.396729,,,TARA_124,,,26.518986,
ERR599151,,,0.286662,,5.0,,ERS492814,,surface water layer (ENVO:00002042),,,,5.1118559999999995,,,190.724,,,,SPO,,35.396729,,,TARA_124,,,26.518986,
ERR599069,,,0.286662,,5.0,,ERS492814,,surface water layer (ENVO:00002042),,,,5.1118559999999995,,,190.724,,,,SPO,,35.396729,,,TARA_124,,,26.518986,
ERR599080,,,0.286662,,5.0,,ERS492814,,surface water layer (ENVO:00002042),,,,5.1118559999999995,,,190.724,,,,SPO,,35.396729,,,TARA_124,,,26.518986,
ERR594287,48.2,,0.286662,21/09/2010 7:05,5.0,,ERS492818,0.0,surface water layer (ENVO:00002042),1.33,0.05,0.99,5.1118559999999995,0.2,0.04,190.724,215.7,0.36,,SPO,1.36,35.396729,36.4,TARA_124_SRF_0.1-0.22,TARA_124,,TARA_124,26.518986,10.81
ERR594311,48.2,,0.286662,21/09/2010 7:05,5.0,,ERS492819,0.0,surface water layer (ENVO:00002042),1.33,0.05,0.99,5.1118559999999995,0.2,0.04,190.724,215.7,0.36,,SPO,1.36,35.396729,36.4,TARA_124_SRF_0.22-0.45,TARA_124,,TARA_124,26.518986,10.81
ERR594296,40.4,,0.286662,05/10/2010 12:42,5.0,,ERS492820,0.04,surface water layer (ENVO:00002042),1.02,0.01,0.04,5.1118559999999995,0.2,0.02,190.724,194.4,0.14,,SPO,1.32,35.396729,36.6,TARA_124_SRF_0.45-0.8,TARA_124,,TARA_124,26.518986,0.0
ERR599354,,,0.286662,,5.0,,ERS492843,,surface water layer (ENVO:00002042),,,,5.1118559999999995,,,190.724,,,,SPO,,35.396729,,,TARA_124,,,26.518986,
ERR599161,48.8,,0.127609,22/09/2010 10:38,120.0,,ERS492863,0.0,marine epipelagic mixed layer (ENVO:xxxxxxxxx),1.33,0.01,36.73,4.458677,37.8,0.04,175.895625,161.7,2.52,,SPO,44.86,35.797875,34.4,TARA_124_MIX_0.22-3,TARA_124,,TARA_124,25.221787,10.81
ERR598988,48.8,,0.127609,22/09/2010 10:38,120.0,,ERS492863,0.0,marine epipelagic mixed layer (ENVO:xxxxxxxxx),1.33,0.01,36.73,4.458677,37.8,0.04,175.895625,161.7,2.52,,SPO,44.86,35.797875,34.4,TARA_124_MIX_0.22-3,TARA_124,,TARA_124,25.221787,10.81
ERR599084,48.8,,0.127609,22/09/2010 10:38,120.0,,ERS492863,0.0,marine epipelagic mixed layer (ENVO:xxxxxxxxx),1.33,0.01,36.73,4.458677,37.8,0.04,175.895625,161.7,2.52,,SPO,44.86,35.797875,34.4,TARA_124_MIX_0.22-3,TARA_124,,TARA_124,25.221787,10.81
ERR599089,48.8,,0.127609,22/09/2010 10:38,120.0,,ERS492863,0.0,marine epipelagic mixed layer (ENVO:xxxxxxxxx),1.33,0.01,36.73,4.458677,37.8,0.04,175.895625,161.7,2.52,,SPO,44.86,35.797875,34.4,TARA_124_MIX_0.22-3,TARA_124,,TARA_124,25.221787,10.81
ERR594285,48.8,,0.127609,22/09/2010 10:38,120.0,,ERS492866,0.0,marine epipelagic mixed layer (ENVO:xxxxxxxxx),1.33,0.01,36.73,4.458677,37.8,0.04,175.895625,161.7,2.52,,SPO,44.86,35.797875,34.4,TARA_124_MIX_0.1-0.22,TARA_124,,TARA_124,25.221787,10.81
ERR594343,48.8,,0.127609,22/09/2010 10:38,120.0,,ERS492867,0.0,marine epipelagic mixed layer (ENVO:xxxxxxxxx),1.33,0.01,36.73,4.458677,37.8,0.04,175.895625,161.7,2.52,,SPO,44.86,35.797875,34.4,TARA_124_MIX_0.22-0.45,TARA_124,,TARA_124,25.221787,10.81
ERR594338,48.2,,0.127609,21/09/2010 7:05,120.0,,ERS492868,0.0,marine epipelagic mixed layer (ENVO:xxxxxxxxx),1.33,0.05,0.99,4.458677,0.2,0.04,175.895625,215.7,0.36,,SPO,1.36,35.797875,36.4,TARA_124_MIX_0.45-0.8,TARA_124,,TARA_124,25.221787,10.81
ERR599367,,,0.127609,,120.0,,ERS492877,,marine epipelagic mixed layer (ENVO:xxxxxxxxx),,,,4.458677,,,175.895625,,,,SPO,,35.797875,,,TARA_124,,,25.221787,
ERR599091,,,0.233673,16/10/2010 17:43,5.0,,ERS492888,0.01,surface water layer (ENVO:00002042),0.7,0.02,0.0,4.985942,0.6,0.02,187.302833,203.8,0.04,,SPO,0.71,35.427733,36.7,TARA_125_SRF_0.22-3,TARA_125,,TARA_125,26.780158,3.53
ERR599114,,,0.233673,16/10/2010 17:43,5.0,,ERS492888,0.01,surface water layer (ENVO:00002042),0.7,0.02,0.0,4.985942,0.6,0.02,187.302833,203.8,0.04,,SPO,0.71,35.427733,36.7,TARA_125_SRF_0.22-3,TARA_125,,TARA_125,26.780158,3.53
ERR599119,,,0.233673,16/10/2010 17:43,5.0,,ERS492888,0.01,surface water layer (ENVO:00002042),0.7,0.02,0.0,4.985942,0.6,0.02,187.302833,203.8,0.04,,SPO,0.71,35.427733,36.7,TARA_125_SRF_0.22-3,TARA_125,,TARA_125,26.780158,3.53
ERR599066,,,0.233673,16/10/2010 17:43,5.0,,ERS492888,0.01,surface water layer (ENVO:00002042),0.7,0.02,0.0,4.985942,0.6,0.02,187.302833,203.8,0.04,,SPO,0.71,35.427733,36.7,TARA_125_SRF_0.22-3,TARA_125,,TARA_125,26.780158,3.53
ERR594344,37.5,,0.233673,05/10/2010 8:10,5.0,,ERS492892,0.04,surface water layer (ENVO:00002042),1.02,0.0,0.02,4.985942,0.3,0.02,187.302833,199.1,0.1,,SPO,0.87,35.427733,36.4,TARA_125_SRF_0.1-0.22,TARA_125,,TARA_125,26.780158,0.0
ERR594339,,,0.233673,16/10/2010 17:43,5.0,,ERS492893,0.01,surface water layer (ENVO:00002042),0.7,0.02,0.0,4.985942,0.6,0.02,187.302833,203.8,0.04,,SPO,0.71,35.427733,36.7,TARA_125_SRF_0.22-0.45,TARA_125,,TARA_125,26.780158,3.53
ERR594323,,,0.233673,16/10/2010 17:43,5.0,,ERS492894,0.01,surface water layer (ENVO:00002042),0.7,0.02,0.0,4.985942,0.6,0.02,187.302833,203.8,0.04,,SPO,0.71,35.427733,36.7,TARA_125_SRF_0.45-0.8,TARA_125,,TARA_125,26.780158,3.53
ERR599337,,,0.233673,,5.0,,ERS492903,,surface water layer (ENVO:00002042),,,,4.985942,,,187.302833,,,,SPO,,35.427733,,,TARA_125,,,26.780158,
ERR599156,35.9,,0.020173,06/10/2010 9:59,140.0,,ERS492926,0.04,marine epipelagic mixed layer (ENVO:xxxxxxxxx),1.02,0.01,36.98,3.6724300000000003,38.4,0.02,160.4895,143.2,2.62,,SPO,34.44,36.272675,34.5,TARA_125_MIX_0.22-3,TARA_125,,TARA_125,23.706525,0.0
ERR594341,40.4,,0.020173,05/10/2010 12:42,140.0,,ERS492930,0.04,marine epipelagic mixed layer (ENVO:xxxxxxxxx),1.02,0.01,0.04,3.6724300000000003,0.2,0.02,160.4895,194.4,0.14,,SPO,1.32,36.272675,36.6,TARA_125_MIX_0.1-0.22,TARA_125,,TARA_125,23.706525,0.0
ERR594342,35.9,,0.020173,06/10/2010 9:59,140.0,,ERS492931,0.04,marine epipelagic mixed layer (ENVO:xxxxxxxxx),1.02,0.01,36.98,3.6724300000000003,38.4,0.02,160.4895,143.2,2.62,,SPO,34.44,36.272675,34.5,TARA_125_MIX_0.22-0.45,TARA_125,,TARA_125,23.706525,0.0
ERR594300,37.5,,0.020173,05/10/2010 8:10,140.0,,ERS492932,0.04,marine epipelagic mixed layer (ENVO:xxxxxxxxx),1.02,0.0,0.02,3.6724300000000003,0.3,0.02,160.4895,199.1,0.1,,SPO,0.87,36.272675,36.4,TARA_125_MIX_0.45-0.8,TARA_125,,TARA_125,23.706525,0.0
ERR599038,,,0.288205,17/10/2010 11:01,5.0,,ERS493044,0.01,surface water layer (ENVO:00002042),0.7,0.0,12.08,2.467162,34.6,0.02,179.86,192.2,0.94,,SPO,4.39,35.100467,34.4,TARA_128_SRF_0.22-3,TARA_128,,TARA_128,26.074467,3.53
ERR599032,,,0.451256,16/10/2010 17:43,40.0,,ERS493098,0.01,deep chlorophyll maximum layer (ENVO:xxxxxxxx),0.7,0.02,0.0,4.36571,0.6,0.02,176.984778,203.8,0.04,,SPO,0.71,35.135422,36.7,TARA_128_DCM_0.22-3,TARA_128,,TARA_128,26.080233,3.53
ERR599142,,,0.057131,16/10/2010 10:07,5.0,,ERS493300,0.01,surface water layer (ENVO:00002042),0.7,0.0,0.0,-0.9795889999999999,0.0,0.02,197.682417,206.2,0.06,,NPO,0.81,35.181842,37.1,TARA_132_SRF_0.22-3,TARA_132,,TARA_132,25.173925,3.53
ERR598995,,,0.276677,17/10/2010 11:01,115.0,,ERS493340,0.01,deep chlorophyll maximum layer (ENVO:xxxxxxxx),0.7,0.0,12.08,0.732507,34.6,0.02,225.501338,192.2,0.94,,NPO,4.39,34.36909,34.4,TARA_132_DCM_0.22-3,TARA_132,,TARA_132,15.284298,3.53
ERR598980,,,0.005017,16/10/2010 10:07,550.0,,ERS493372,0.01,mesopelagic zone (ENVO:00000213),0.7,0.0,0.0,29.0941,0.0,0.02,138.735952,206.2,0.06,,NPO,0.81,34.000507,37.1,TARA_132_MES_0.22-3,TARA_132,,TARA_132,6.689724,3.53
ERR599052,,,0.038221,04/11/2010 19:34,5.0,,ERS493390,-0.04,surface water layer (ENVO:00002042),1.91,0.05,0.1,-0.673592,0.5,0.08,224.407583,217.1,0.0,,NPO,0.32,33.099008,36.3,TARA_133_SRF_0.22-3,TARA_133,,TARA_133,19.249733,14.53
ERR598942,,,0.436597,16/10/2010 10:07,45.0,,ERS493431,0.01,deep chlorophyll maximum layer (ENVO:xxxxxxxx),0.7,0.0,0.0,4.8327230000000005,0.0,0.02,227.686042,206.2,0.06,,NPO,0.81,33.241367,37.1,TARA_133_DCM_0.22-3,TARA_133,,TARA_133,13.159842,3.53
ERR599115,,,0.002017,16/10/2010 10:07,650.0,,ERS493460,0.01,mesopelagic zone (ENVO:00000213),0.7,0.0,0.0,44.082977,0.0,0.02,8.57745,206.2,0.06,,NPO,0.81,34.329655,37.1,TARA_133_MES_0.22-3,TARA_133,,TARA_133,4.936634,3.53
ERR598989,,,0.290611,05/11/2010 12:33,5.0,,ERS493636,-0.04,surface water layer (ENVO:00002042),1.91,0.0,28.21,3.241307,29.8,0.08,195.126917,214.8,1.95,,NPO,13.93,33.884425,34.4,TARA_137_SRF_0.22-3,TARA_137,,TARA_137,26.4091,14.53
ERR599099,,,,04/11/2010 19:34,40.0,,ERS493670,-0.04,deep chlorophyll maximum layer (ENVO:xxxxxxxx),1.91,0.05,0.1,,0.5,0.08,,217.1,0.0,,NPO,0.32,,36.3,TARA_137_DCM_0.22-3,TARA_137,,TARA_137,,14.53
ERR598987,,,,04/11/2010 19:34,40.0,,ERS493670,-0.04,deep chlorophyll maximum layer (ENVO:xxxxxxxx),1.91,0.05,0.1,,0.5,0.08,,217.1,0.0,,NPO,0.32,,36.3,TARA_137_DCM_0.22-3,TARA_137,,TARA_137,,14.53
ERR599070,,,,04/11/2010 19:34,40.0,,ERS493670,-0.04,deep chlorophyll maximum layer (ENVO:xxxxxxxx),1.91,0.05,0.1,,0.5,0.08,,217.1,0.0,,NPO,0.32,,36.3,TARA_137_DCM_0.22-3,TARA_137,,TARA_137,,14.53
ERR599147,,,,04/11/2010 19:34,40.0,,ERS493670,-0.04,deep chlorophyll maximum layer (ENVO:xxxxxxxx),1.91,0.05,0.1,,0.5,0.08,,217.1,0.0,,NPO,0.32,,36.3,TARA_137_DCM_0.22-3,TARA_137,,TARA_137,,14.53
ERR599340,,,,,40.0,,ERS493684,,deep chlorophyll maximum layer (ENVO:xxxxxxxx),,,,,,,,,,,NPO,,,,,TARA_137,,,,
ERR599127,,,0.001625,04/11/2010 19:34,375.0,,ERS493705,-0.04,mesopelagic zone (ENVO:00000213),1.91,0.05,0.1,35.716708000000004,0.5,0.08,0.628413,217.1,0.0,,NPO,0.32,34.586699,36.3,TARA_137_MES_0.22-3,TARA_137,,TARA_137,8.911481,14.53
ERR599015,,,0.001625,04/11/2010 19:34,375.0,,ERS493705,-0.04,mesopelagic zone (ENVO:00000213),1.91,0.05,0.1,35.716708000000004,0.5,0.08,0.628413,217.1,0.0,,NPO,0.32,34.586699,36.3,TARA_137_MES_0.22-3,TARA_137,,TARA_137,8.911481,14.53
ERR599152,,,0.001625,04/11/2010 19:34,375.0,,ERS493705,-0.04,mesopelagic zone (ENVO:00000213),1.91,0.05,0.1,35.716708000000004,0.5,0.08,0.628413,217.1,0.0,,NPO,0.32,34.586699,36.3,TARA_137_MES_0.22-3,TARA_137,,TARA_137,8.911481,14.53
ERR599076,,,0.001625,04/11/2010 19:34,375.0,,ERS493705,-0.04,mesopelagic zone (ENVO:00000213),1.91,0.05,0.1,35.716708000000004,0.5,0.08,0.628413,217.1,0.0,,NPO,0.32,34.586699,36.3,TARA_137_MES_0.22-3,TARA_137,,TARA_137,8.911481,14.53
ERR599030,,,0.013449,04/11/2010 10:24,5.0,,ERS493752,-0.04,surface water layer (ENVO:00002042),1.91,0.0,0.02,-1.184318,-0.4,0.08,196.88275,221.5,0.0,,NPO,0.48,33.407042,36.3,TARA_138_SRF_0.22-3,TARA_138,,TARA_138,26.6362,14.53
ERR599087,,,0.334076,05/11/2010 12:33,60.0,,ERS493788,-0.04,deep chlorophyll maximum layer (ENVO:xxxxxxxx),1.91,0.0,28.21,22.087761999999998,29.8,0.08,77.038525,214.8,1.95,,NPO,13.93,34.611755,34.4,TARA_138_DCM_0.22-3,TARA_138,,TARA_138,19.048358,14.53
ERR599345,,,0.334076,,60.0,,ERS493803,,deep chlorophyll maximum layer (ENVO:xxxxxxxx),,,,22.087761999999998,,,77.038525,,,,NPO,,34.611755,,,TARA_138,,,19.048358,
ERR599051,,,0.002017,04/11/2010 10:24,450.0,,ERS493822,-0.04,mesopelagic zone (ENVO:00000213),1.91,0.0,0.02,36.886053000000004,-0.4,0.08,0.78015,221.5,0.0,,NPO,0.48,34.608434,36.3,TARA_138_MES_0.22-3,TARA_138,,TARA_138,8.210557,14.53
ERR599004,,,0.002017,04/11/2010 10:24,450.0,,ERS493822,-0.04,mesopelagic zone (ENVO:00000213),1.91,0.0,0.02,36.886053000000004,-0.4,0.08,0.78015,221.5,0.0,,NPO,0.48,34.608434,36.3,TARA_138_MES_0.22-3,TARA_138,,TARA_138,8.210557,14.53
ERR599060,,,0.002017,04/11/2010 10:24,450.0,,ERS493822,-0.04,mesopelagic zone (ENVO:00000213),1.91,0.0,0.02,36.886053000000004,-0.4,0.08,0.78015,221.5,0.0,,NPO,0.48,34.608434,36.3,TARA_138_MES_0.22-3,TARA_138,,TARA_138,8.210557,14.53
ERR599175,,,0.002017,04/11/2010 10:24,450.0,,ERS493822,-0.04,mesopelagic zone (ENVO:00000213),1.91,0.0,0.02,36.886053000000004,-0.4,0.08,0.78015,221.5,0.0,,NPO,0.48,34.608434,36.3,TARA_138_MES_0.22-3,TARA_138,,TARA_138,8.210557,14.53
ERR599162,,,0.040695,04/11/2010 10:24,5.0,,ERS493877,-0.04,surface water layer (ENVO:00002042),1.91,0.0,0.02,-3.7966860000000002,-0.4,0.08,205.2885,221.5,0.0,,NPO,0.48,28.919008,36.3,TARA_140_SRF_0.22-3,TARA_140,,TARA_140,26.62925,14.53
ERR599029,,,0.126428,04/11/2010 10:24,5.0,,ERS493914,-0.04,surface water layer (ENVO:00002042),1.91,0.0,0.02,-1.723962,-0.4,0.08,195.523833,221.5,0.0,,NAO,0.48,34.347208,36.3,TARA_141_SRF_0.22-3,TARA_141,,TARA_141,27.119358,14.53
ERR599136,27.5,,0.163338,06/12/2010 10:25,5.0,,ERS493938,-0.01,surface water layer (ENVO:00002042),1.01,0.15,18.15,-2.2118,17.1,0.05,194.2675,305.0,1.3,,NAO,1.82,36.193733,34.0,TARA_142_SRF_0.22-3,TARA_142,,TARA_142,24.96555,2.92
ERR599100,29.5,,0.164483,06/12/2010 16:37,125.0,,ERS493981,-0.01,deep chlorophyll maximum layer (ENVO:xxxxxxxx),1.01,0.14,19.07,0.439852,17.1,0.05,192.971638,306.2,1.42,,NAO,3.08,36.172194,34.1,TARA_142_DCM_0.22-3,TARA_142,,TARA_142,24.948842,2.92
ERR598985,29.5,,0.008069,06/12/2010 16:37,640.0,,ERS494006,-0.01,mesopelagic zone (ENVO:00000213),1.01,0.14,19.07,31.851193,17.1,0.05,108.240083,306.2,1.42,,NAO,3.08,35.165658,34.1,TARA_142_MES_0.22-3,TARA_142,,TARA_142,9.756257,2.92
ERR598983,38.3,,0.296307,06/01/2011 20:36,5.0,,ERS494170,0.0,surface water layer (ENVO:00002042),0.22,0.06,31.0,3.478193,33.1,0.0,233.859,325.4,2.31,,NAO,81.82,35.18335,34.3,TARA_145_SRF_0.22-3,TARA_145,,TARA_145,14.11885,3.08
ERR599166,36.2,,0.008351,03/01/2011 11:10,590.0,,ERS494208,0.16,mesopelagic zone (ENVO:00000213) & marine oxygen minimum zone (ENVO:01000065),0.76,0.27,25.3,19.854511,24.4,0.32,230.24915,338.3,1.72,,NAO,16.55,34.969202,33.7,TARA_145_MES_0.22-3,TARA_145,,TARA_145,5.067239,1.83
ERR598968,34.2,,0.12799,07/01/2011 11:25,5.0,,ERS494236,0.0,surface water layer (ENVO:00002042),0.22,0.02,36.37,0.859819,38.8,0.0,214.365,203.8,2.61,,NAO,83.35,36.4626,34.7,TARA_146_SRF_0.22-3,TARA_146,,TARA_146,19.1288,3.08
ERR599047,38.3,,0.006052,06/01/2011 20:36,640.0,,ERS494274,0.0,mesopelagic zone (ENVO:00000213),0.22,0.06,31.0,21.830872,33.1,0.0,138.0832,325.4,2.31,,NAO,81.82,35.402185,34.3,TARA_146_MES_0.22-3,TARA_146,,TARA_146,11.012346,3.08
ERR599123,32.4,,0.166512,06/01/2011 10:26,5.0,,ERS494332,0.0,surface water layer (ENVO:00002042),0.22,0.11,28.5,,27.5,0.0,212.5623,343.4,2.11,,NAO,79.52,36.5996,34.4,TARA_148_SRF_0.22-3,TARA_148,,TARA_148,20.3973,3.08
ERR598958,26.7,,0.004651,28/09/2009 13:36,250.0,,ERS494374,-0.77,mesopelagic zone (ENVO:00000213),0.69,0.02,0.08,4.0429010000000005,,0.08,191.752575,,0.02,,NAO,0.6,36.563668,37.8,TARA_148b_MES_0.22-3,TARA_148b,,TARA_148b,18.169021,13.61
ERR598963,36.4,,0.214174,12/03/2011 20:07,5.0,,ERS494394,-0.07,surface water layer (ENVO:00002042),,0.37,7.55,-1.176123,0.7,0.04,220.189917,237.2,1.07,,NAO,0.59,36.4072,34.3,TARA_149_SRF_0.22-3,TARA_149,,TARA_149,18.732683,3.86
ERR598964,26.7,,0.009303,28/09/2009 13:36,740.0,,ERS494431,-0.77,mesopelagic zone (ENVO:00000213),0.69,0.01,0.03,21.26922,,0.08,155.156833,,0.02,,NAO,0.75,35.375245,38.0,TARA_149_MES_0.22-3,TARA_149,,TARA_149,10.565417,13.61
ERR599170,44.3,,0.196921,18/03/2011 14:16,5.0,,ERS494445,0.0,surface water layer (ENVO:00002042),0.73,0.0,0.03,-0.328716,-0.4,0.05,228.375583,219.2,0.28,,NAO,0.09,36.3123,34.7,TARA_150_SRF_0.22-3,TARA_150,,TARA_150,17.583075,12.97
ERR598996,37.3,,0.339591,12/03/2011 11:49,40.0,,ERS494488,-0.07,deep chlorophyll maximum layer (ENVO:xxxxxxxx),,0.01,0.02,1.210278,-1.5,0.04,230.132971,244.9,0.52,,NAO,0.09,36.240197,34.3,TARA_150_DCM_0.22-3,TARA_150,,TARA_150,17.663574,3.86
ERR598976,44.6,,0.040347,04/04/2011 8:23,5.0,,ERS494518,-0.03,surface water layer (ENVO:00002042),0.36,0.02,0.05,0.334082,-0.7,0.03,232.053333,210.6,0.1,,NAO,0.35,36.23775,35.8,TARA_151_SRF_0.22-3,TARA_151,,TARA_151,17.260108,61.78
ERR598986,43.2,,0.247378,24/03/2011 13:07,80.0,,ERS494559,0.02,deep chlorophyll maximum layer (ENVO:xxxxxxxx),0.51,0.0,0.02,1.56535,-0.4,0.01,228.54515,204.1,0.16,,NAO,0.53,36.162887,35.8,TARA_151_DCM_0.22-3,TARA_151,,TARA_151,16.751066,4.25
ERR599078,44.6,,0.238225,09/04/2011 14:09,5.0,,ERS494579,0.0,surface water layer (ENVO:00002042),0.71,0.0,0.04,2.9992259999999997,-1.7,0.0,243.148,204.0,0.29,,NAO,0.55,35.986042,36.1,TARA_152_SRF_0.22-3,TARA_152,,TARA_152,14.28065,13.53
ERR598944,45.0,,0.001345,04/04/2011 17:28,800.0,,ERS494616,-0.03,mesopelagic zone (ENVO:00000213),0.36,0.0,27.29,18.205769,24.6,0.03,175.306683,155.6,2.02,,NAO,12.05,35.539507,34.4,TARA_152_MES_0.22-3,TARA_152,,TARA_152,10.21177,61.78
ERR599001,44.9,,,03/04/2011 18:10,25.0,,ERS494628,-0.03,water layer with no specific feature,0.36,0.0,0.05,,-1.6,0.03,,200.5,0.2,,NAO,0.38,,36.4,TARA_152_MIX_0.22-3,TARA_152,,TARA_152,,61.78
